Year,Team,YrTm,Season,CY Season Rank,CY Playoff Rank,GP,W,L,OT,P,ROW,P%,Shots/GP,GF/GP,GA/GP,PP%,PK%,Shots/GP,FOW%,TOI,GF,GA,GF60,GA60,GF%,SF,SA,SF60,SA60,SF%,FF,FA,FF60,FA60,FF%,CF,CA,CF60,CA60,CF%,Sh%,Sv%,PDO,OZFO%,DZFO%,NZFO%,GF-GA,GF/W,GF/L,GA/W,GA/L,PY Playoff RNK,2PY Playoff RNK,3PY Playoff RNK,4PYPlayoff RNK
2017,Anaheim Ducks,2017Anaheim Ducks,Regular,6,4,82,46,23,13,105,43,0.64,29.6,2.68,2.4,18.7,84.7,29.6,54.7,204.9458333,220,197,2.63,2.37,52.7,2402,2411,29.3,29.4,49.9,3412,3474,41.6,42.4,49.5,4519,4607,55.1,56.2,49.5,8.99,91.95,100.9,32.9,37.1,30.1,23,4.782608696,9.565217391,4.282608696,8.565217391,9,3,5,9
2017,Arizona Coyotes,2017Arizona Coyotes,Regular,28,28,82,30,42,10,70,24,0.427,27.8,2.33,3.15,16.2,77.3,27.8,48,207.6972222,191,258,2.29,3.07,42.7,2279,2792,27.4,33.6,44.9,3225,4032,38.8,48.5,44.4,4282,5247,51.5,63.2,44.9,8.34,90.87,99.2,30.7,38.1,31.2,-67,6.366666667,4.547619048,8.6,6.142857143,24,29,18,18
2017,Boston Bruins,2017Boston Bruins,Regular,13,10,82,44,31,7,95,42,0.579,33.2,2.83,2.55,21.7,85.7,33.2,53.2,206.7840278,232,209,2.79,2.53,52.5,2720,2195,32.9,26.5,55.3,3791,3094,45.8,37.4,55.1,5012,4188,60.6,50.6,54.5,8.49,90.48,99,35.6,32.6,31.8,23,5.272727273,7.483870968,4.75,6.741935484,17,17,6,2
2017,Buffalo Sabres,2017Buffalo Sabres,Regular,26,26,82,33,37,12,78,31,0.476,30.4,2.43,2.82,24.5,77.6,30.4,49.6,205.2020833,199,231,2.4,2.75,46.6,2464,2777,30,33.8,47,3346,3773,40.8,46,47,4368,4882,53.2,59.5,47.2,8,91.86,99.9,33,35.7,31.4,-32,6.03030303,5.378378378,7,6.243243243,23,30,30,21
2017,Calgary Flames,2017Calgary Flames,Regular,15,16,82,45,33,4,94,41,0.573,29.1,2.71,2.67,20.2,81.6,29.1,48.9,207.2465278,222,219,2.68,2.63,50.5,2389,2354,28.8,28.4,50.4,3302,3315,39.8,40,49.9,4497,4426,54.2,53.4,50.4,9.29,90.74,100,32.9,35.5,31.6,3,4.933333333,6.727272727,4.866666667,6.636363636,26,7,27,25
2017,Carolina Hurricanes,2017Carolina Hurricanes,Regular,20,20,82,36,31,15,87,33,0.53,30.4,2.59,2.8,17.7,84.2,30.4,53.1,200.1548611,212,230,2.52,2.74,48,2393,2218,29.9,27.7,51.9,3384,3167,42.3,39.6,51.7,4600,4184,57.5,52.3,52.4,8.44,90.13,98.6,37.6,29.8,32.6,-18,5.888888889,6.838709677,6.388888889,7.419354839,18,26,24,25
2017,Chicago Blackhawks,2017Chicago Blackhawks,Regular,3,15,82,50,23,9,109,46,0.665,30.6,2.93,2.59,18,77.7,30.6,47.5,207.4993056,240,212,2.89,2.55,53.1,2508,2575,30.2,31,49.3,3347,3427,40.3,41.3,49.4,4632,4653,55.8,56.1,49.9,9.57,91.77,101.3,34.9,32.4,32.7,28,4.8,10.43478261,4.24,9.217391304,10,1,3,1
2017,Colorado Avalanche,2017Colorado Avalanche,Regular,30,30,82,22,56,4,48,21,0.293,28.1,2.01,3.37,12.6,76.6,28.1,53.6,203.8583333,165,276,2,3.35,37.4,2263,2575,27.8,31.6,46.8,3161,3474,38.8,42.6,47.6,4280,4534,52.5,55.6,48.6,7.2,89.4,96.6,33.6,35.4,30.9,-111,7.5,2.946428571,12.54545455,4.928571429,21,21,9,29
2017,Columbus Blue Jackets,2017Columbus Blue Jackets,Regular,4,14,82,50,24,8,108,48,0.659,31,3.01,2.35,19.9,82.5,31,48.6,204.5701389,247,193,2.96,2.33,55.9,2506,2457,30.6,30,50.5,3372,3411,41.2,41.7,49.7,4512,4574,55.1,55.9,49.7,9.66,92.23,101.9,33.6,35.9,30.5,54,4.94,10.29166667,3.86,8.041666667,27,22,12,17
2017,Dallas Stars,2017Dallas Stars,Regular,24,24,82,34,37,11,79,33,0.482,30.5,2.71,3.17,17.9,73.9,30.5,49.9,206.6715278,222,260,2.69,3.13,46.2,2506,2440,30.3,29.5,50.7,3613,3491,43.7,42.2,50.9,4890,4821,59.2,58.3,50.4,8.86,89.39,98.2,32.4,35.4,32.2,-38,6.529411765,6,7.647058824,7.027027027,5,19,13,21
2017,Detroit Red Wings,2017Detroit Red Wings,Regular,25,25,82,33,36,13,79,24,0.482,28.5,2.41,2.98,15.1,80.8,28.5,51.9,203.9270833,198,244,2.33,2.94,44.2,2273,2440,27.9,29.9,48.2,3194,3385,39.2,41.5,48.5,4190,4419,51.4,54.2,48.7,8.36,90.16,98.5,34.9,32.8,32.2,-46,6,5.5,7.393939394,6.777777778,14,9,15,5
2017,Edmonton Oilers,2017Edmonton Oilers,Regular,8,6,82,47,26,9,103,43,0.628,31.1,2.96,2.52,22.9,80.7,31.1,47,205.2861111,243,207,2.89,2.5,53.6,2502,2397,30.5,29.2,51.1,3443,3295,41.9,40.1,51.1,4630,4576,56.4,55.7,50.3,9.47,91.45,100.9,34.2,33.7,32.1,36,5.170212766,9.346153846,4.404255319,7.961538462,29,28,28,24
2017,Florida Panthers,2017Florida Panthers,Regular,23,23,82,35,36,11,81,30,0.494,32.2,2.5,2.82,17,85.3,32.2,47.9,206.0902778,205,231,2.46,2.79,46.9,2621,2557,31.8,31,50.6,3582,3390,43.5,41.1,51.4,4622,4298,56.1,52.1,51.8,7.75,91.01,98.8,35.7,32.9,31.4,-26,5.857142857,5.694444444,6.6,6.416666667,11,20,29,30
2017,Los Angeles Kings,2017Los Angeles Kings,Regular,22,22,82,39,35,8,86,37,0.524,31.1,2.43,2.45,19.1,84.5,31.1,50.8,204.9,199,201,2.39,2.4,49.9,2535,2096,30.9,25.6,54.7,3654,3017,44.6,36.8,54.8,4960,4079,60.5,49.8,54.9,7.73,90.6,98.3,38.3,31,30.8,-2,5.102564103,5.685714286,5.153846154,5.742857143,15,18,1,3
2017,Minnesota Wild,2017Minnesota Wild,Regular,5,13,82,49,25,8,106,46,0.646,30.8,3.21,2.51,21,82.9,30.8,51.9,206.9125,263,206,3.18,2.49,56.1,2525,2461,30.5,29.7,50.6,3441,3441,41.6,41.6,50,4562,4602,55.1,55.6,49.8,10.42,91.63,102,33.4,33.8,32.8,57,5.367346939,10.52,4.204081633,8.24,12,8,8,14
2017,Montréal Canadiens,2017Montréal Canadiens,Regular,7,12,82,47,26,9,103,44,0.628,30,2.72,2.41,19.6,81.1,30,50.3,207.7881944,223,198,2.68,2.38,53,2460,2429,29.6,29.2,50.3,3448,3270,41.5,39.3,51.3,4735,4483,57,53.9,51.4,9.06,91.85,100.9,32.6,35.4,32,25,4.744680851,8.576923077,4.212765957,7.615384615,21,6,4,15
2017,Nashville Predators,2017Nashville Predators,Regular,17,2,82,41,29,12,94,39,0.573,31.2,2.9,2.68,18.9,80.9,31.2,51.4,207.7145833,238,220,2.86,2.65,52,2557,2472,30.8,29.8,50.8,3545,3460,42.7,41.6,50.6,4776,4570,57.5,55,51.1,9.31,91.1,100.4,34.1,34.4,31.5,18,5.804878049,8.206896552,5.365853659,7.586206897,6,11,19,27
2017,New Jersey Devils,2017New Jersey Devils,Regular,27,27,82,28,40,14,70,25,0.427,27.8,2.2,2.94,17.5,79.6,27.8,49.2,204.8069444,180,241,2.17,2.87,43.1,2244,2528,27.4,30.9,47,3079,3466,37.6,42.3,47,3974,4481,48.5,54.7,47,7.93,90.7,98.6,31.7,37,31.3,-61,6.428571429,4.5,8.607142857,6.025,20,25,19,21
2017,New York Islanders,2017New York Islanders,Regular,18,18,82,41,29,12,94,39,0.573,30.2,2.91,2.9,14.9,81.9,30.2,47.7,204.8569444,239,238,2.86,2.87,49.9,2455,2578,30,31.5,48.8,3364,3628,41.1,44.3,48.1,4531,4976,55.3,60.7,47.7,9.53,90.88,100.4,33.7,34.5,31.8,1,5.829268293,8.24137931,5.804878049,8.206896552,8,10,26,12
2017,New York Rangers,2017New York Rangers,Regular,9,8,82,48,28,6,102,45,0.622,29.7,3.09,2.63,20.2,79.8,29.7,48.4,204.7083333,253,216,3.05,2.61,53.9,2413,2437,29.5,29.8,49.8,3399,3402,41.5,41.5,50,4461,4624,54.5,56.5,49.1,10.36,91.22,101.6,33.5,33.9,32.5,37,5.270833333,9.035714286,4.5,7.714285714,16,4,2,7
2017,Ottawa Senators,2017Ottawa Senators,Regular,12,3,82,44,28,10,98,38,0.598,30,2.51,2.56,17,79.7,30,51,205.5520833,206,210,2.48,2.49,49.9,2430,2444,29.6,29.7,49.9,3326,3482,40.5,42.3,48.9,4525,4822,55,58.6,48.4,8.4,91.61,100,35.4,33.6,31.1,-4,4.681818182,7.357142857,4.772727273,7.5,19,12,19,8
2017,Philadelphia Flyers,2017Philadelphia Flyers,Regular,19,19,82,39,33,10,88,32,0.537,31.5,2.59,2.82,19.5,79.8,31.5,52.3,205.9020833,212,231,2.51,2.77,47.6,2537,2299,30.8,27.9,52.5,3576,3197,43.4,38.8,52.8,4881,4491,59.3,54.5,52.1,8.16,90.08,98.2,35.9,31.4,32.7,-19,5.435897436,6.424242424,5.923076923,7,13,24,10,20
2017,Pittsburgh Penguins,2017Pittsburgh Penguins,Regular,2,1,82,50,21,11,111,46,0.677,33.5,3.39,2.79,23.1,79.8,33.5,47.6,205.4097222,278,229,3.35,2.74,55,2724,2645,33.2,32.2,50.7,3613,3510,44,42.7,50.7,4757,4805,57.9,58.5,49.7,10.1,91.49,101.6,35.2,31.9,33,49,5.56,13.23809524,4.58,10.9047619,1,15,7,4
2017,San Jose Sharks,2017San Jose Sharks,Regular,10,11,82,46,29,7,99,44,0.604,29.9,2.67,2.44,16.7,80.7,29.9,48.1,206.0305556,219,200,2.65,2.43,52.2,2445,2264,29.7,27.5,51.9,3529,3259,42.8,39.5,52,4867,4613,59.1,56,51.3,8.92,91.17,100.1,34.9,31.7,33.4,19,4.760869565,7.551724138,4.347826087,6.896551724,2,22,11,6
2017,St. Louis Blues,2017St. Louis Blues,Regular,11,7,82,46,29,7,99,44,0.604,28.4,2.84,2.63,21.3,84.8,28.4,50.3,204.3604167,233,216,2.81,2.62,51.8,2303,2293,28.2,28.1,50.1,3172,3183,38.8,38.9,49.9,4225,4307,51.7,52.7,49.5,9.99,90.67,100.7,32.5,35.6,31.9,17,5.065217391,8.034482759,4.695652174,7.448275862,4,13,14,13
2017,Tampa Bay Lightning,2017Tampa Bay Lightning,Regular,16,16,82,42,30,10,94,38,0.573,29.9,2.8,2.73,22.8,81.4,29.9,47.7,205.2944444,230,224,2.75,2.69,50.6,2417,2462,29.4,30,49.5,3425,3361,41.7,40.9,50.5,4548,4365,55.4,53.2,51,9.35,91.02,100.4,33.8,34.4,31.8,6,5.476190476,7.666666667,5.333333333,7.466666667,3,2,16,28
2017,Toronto Maple Leafs,2017Toronto Maple Leafs,Regular,14,9,82,40,27,15,95,39,0.579,31.9,3.05,2.85,23.8,82.5,31.9,49.9,205.4743056,250,234,3.02,2.8,51.9,2585,2638,31.5,32.1,49.5,3703,3755,45.1,45.7,49.7,4918,4916,59.8,59.8,50,9.59,91.28,100.9,33.4,34.3,32.3,16,6.25,9.259259259,5.85,8.666666667,30,27,22,10
2017,Vancouver Canucks,2017Vancouver Canucks,Regular,29,29,82,30,43,9,69,26,0.421,27.7,2.17,2.94,14.1,76.7,27.7,51.1,202.4465278,178,241,2.1,2.88,42.2,2223,2541,27.5,31.4,46.7,3047,3444,37.6,42.5,46.9,4147,4451,51.2,55,48.2,7.65,90.83,98.5,34.4,33.7,31.9,-63,5.933333333,4.139534884,8.033333333,5.604651163,28,14,24,16
2017,Washington Capitals,2017Washington Capitals,Regular,1,5,82,55,19,8,118,53,0.72,30.4,3.18,2.16,23.1,83.8,30.4,49.8,204.7145833,261,177,3.19,2.14,59.9,2457,2261,30,27.6,52.1,3434,3243,41.9,39.6,51.4,4614,4334,56.3,52.9,51.6,10.62,92.26,102.9,34.7,33.2,32.1,84,4.745454545,13.73684211,3.218181818,9.315789474,7,5,17,11
2017,Winnipeg Jets,2017Winnipeg Jets,Regular,21,21,82,40,35,7,87,37,0.53,29.9,3,3.11,18.2,77.5,29.9,48.5,206.85,246,255,2.96,3.07,49.1,2447,2547,29.6,30.8,49,3360,3441,40.6,41.6,49.4,4431,4618,53.6,55.8,49,10.01,90.03,100,32.8,34.2,33,-9,6.15,7.028571429,6.375,7.285714286,24,16,22,18
2016,Washington Capitals,2016Washington Capitals,Regular,1,7,82,56,18,8,120,52,0.732,30.6,3.02,2.33,21.9,85.2,30.6,49.6,207.6125,248,191,2.99,2.3,56.5,2508,2332,30.2,28.1,51.8,3494,3325,42.1,40,51.2,4700,4591,56.6,55.3,50.6,9.89,91.81,101.7,34.1,33.2,32.7,57,4.428571429,13.77777778,3.410714286,10.61111111,5,17,11,5
2016,Pittsburgh Penguins,2016Pittsburgh Penguins,Regular,4,1,82,48,26,8,104,44,0.634,33.2,2.94,2.43,18.4,84.4,33.2,50.2,207.6972222,241,197,2.9,2.37,55,2722,2433,32.8,29.3,52.8,3638,3294,43.8,39.6,52.5,4831,4385,58.1,52.8,52.4,8.85,91.9,100.8,34.9,33.1,32,44,5.020833333,9.269230769,4.104166667,7.576923077,15,7,4,13
2016,Dallas Stars,2016Dallas Stars,Regular,2,5,82,50,23,9,109,48,0.665,32,3.23,2.78,22.1,82.3,32,50.2,206.9819444,265,227,3.2,2.74,53.9,2626,2370,31.7,28.6,52.6,3745,3435,45.2,41.5,52.2,5088,4659,61.5,56.3,52.2,10.09,90.42,100.5,34.4,32.5,33.1,38,5.3,11.52173913,4.54,9.869565217,19,13,21,18
2016,Los Angeles Kings,2016Los Angeles Kings,Regular,8,15,82,48,28,6,102,46,0.622,32,2.72,2.34,20,81.4,32,50.5,207.6923611,222,192,2.67,2.31,53.6,2622,2255,31.6,27.1,53.8,3844,3174,46.3,38.2,54.8,5130,4201,61.8,50.6,55,8.47,91.49,100,37.5,32.3,30.2,30,4.625,7.928571429,4,6.857142857,18,1,3,1
2016,San Jose Sharks,2016San Jose Sharks,Regular,11,2,82,46,30,6,98,42,0.598,30.4,2.89,2.52,22.5,80.5,30.4,50.7,207.2618056,237,205,2.86,2.47,53.6,2458,2225,29.6,26.8,52.5,3460,3083,41.7,37.2,52.9,4666,4363,56.3,52.6,51.7,9.64,90.79,100.4,32.9,32.8,34.4,32,5.152173913,7.9,4.456521739,6.833333333,22,11,6,15
2016,Florida Panthers,2016Florida Panthers,Regular,5,11,82,47,26,9,103,40,0.628,28.8,2.83,2.44,16.9,79.5,28.8,50.1,207.7486111,231,200,2.78,2.41,53.6,2357,2416,28.4,29.1,49.4,3213,3311,38.7,39.8,49.2,4101,4253,49.4,51.2,49.1,9.8,91.72,101.5,32.9,35.1,32,31,4.914893617,8.884615385,4.255319149,7.692307692,20,29,30,10
2016,Anaheim Ducks,2016Anaheim Ducks,Regular,5,9,82,46,25,11,103,43,0.628,30.3,2.62,2.29,23.1,87.2,30.3,51.9,207.3763889,213,188,2.57,2.27,53.1,2469,2227,29.8,26.8,52.6,3540,3162,42.7,38.1,52.8,4698,4330,56.6,52.2,52,8.63,91.56,100.2,33.4,35,31.6,25,4.630434783,8.52,4.086956522,7.52,3,5,9,25
2016,Tampa Bay Lightning,2016Tampa Bay Lightning,Regular,12,3,82,46,31,5,97,43,0.591,29.3,2.73,2.41,15.8,84,29.3,49.5,206.8756944,222,197,2.68,2.38,53,2397,2362,29,28.5,50.4,3390,3316,41,40.1,50.6,4544,4343,54.9,52.5,51.1,9.26,91.66,100.9,35.5,32.3,32.1,25,4.826086957,7.161290323,4.282608696,6.35483871,2,16,28,21
2016,Chicago Blackhawks,2016Chicago Blackhawks,Regular,5,10,82,47,26,9,103,46,0.628,30.5,2.85,2.52,22.6,80.3,30.5,49.3,207.1444444,232,207,2.8,2.5,52.8,2496,2527,30.1,30.5,49.7,3345,3399,40.4,41,49.6,4590,4532,55.4,54.7,50.3,9.29,91.81,101.1,33.9,32.5,33.6,25,4.936170213,8.923076923,4.404255319,7.961538462,1,3,1,12
2016,St. Louis Blues,2016St. Louis Blues,Regular,3,4,82,49,24,9,107,44,0.652,30.2,2.67,2.4,21.5,85.1,30.2,51.3,208.5194444,219,196,2.63,2.35,52.8,2473,2439,29.6,29.2,50.3,3391,3328,40.7,39.9,50.5,4494,4455,53.9,53.4,50.2,8.86,91.96,100.8,32.8,36.1,31.2,23,4.469387755,9.125,4,8.166666667,13,14,13,8
2016,New York Rangers,2016New York Rangers,Regular,9,16,82,46,27,9,101,43,0.616,28.5,2.84,2.62,18.6,78.2,28.5,49.2,207.2701389,232,215,2.8,2.59,51.9,2331,2493,28.1,30.1,48.3,3267,3503,39.4,42.3,48.3,4360,4817,52.6,58.1,47.5,9.95,91.38,101.3,33,34.2,32.8,17,5.043478261,8.592592593,4.673913043,7.962962963,4,2,7,3
2016,New York Islanders,2016New York Islanders,Regular,10,8,82,45,27,10,100,40,0.61,29.4,2.77,2.57,18.3,84.5,29.4,50.1,208.5375,227,211,2.72,2.53,51.8,2410,2495,28.9,29.9,49.1,3352,3407,40.2,40.8,49.6,4602,4729,55.2,56.7,49.3,9.42,91.54,101,34.5,33.2,32.3,16,5.044444444,8.407407407,4.688888889,7.814814815,10,26,12,27
2016,Nashville Predators,2016Nashville Predators,Regular,13,6,82,41,27,14,96,37,0.585,30.6,2.73,2.6,19.7,81.2,30.6,48.7,207.45,223,212,2.69,2.55,51.3,2506,2240,30.2,27,52.8,3467,3036,41.8,36.6,53.3,4617,4268,55.6,51.4,52,8.9,90.54,99.4,35,33.1,31.9,11,5.43902439,8.259259259,5.170731707,7.851851852,11,19,27,6
2016,Minnesota Wild,2016Minnesota Wild,Regular,17,12,82,38,33,11,87,35,0.53,29,2.6,2.49,18.5,77.9,29,52.5,207.3680556,213,204,2.57,2.46,51.1,2372,2344,28.6,28.3,50.3,3273,3346,39.5,40.3,49.4,4373,4551,52.7,54.9,49,8.98,91.3,100.3,34.9,32.9,32.2,9,5.605263158,6.454545455,5.368421053,6.181818182,8,8,14,24
2016,Boston Bruins,2016Boston Bruins,Regular,15,17,82,42,31,9,93,38,0.567,32,2.88,2.78,20.5,82.2,32,50.4,207.4284722,233,226,2.81,2.72,50.8,2617,2490,31.5,30,51.2,3553,3526,42.8,42.5,50.2,4689,4710,56.5,56.8,49.9,8.9,90.92,99.8,33.9,34.2,31.9,7,5.547619048,7.516129032,5.380952381,7.290322581,17,6,2,9
2016,Philadelphia Flyers,2016Philadelphia Flyers,Regular,13,13,82,41,27,14,96,38,0.585,31,2.57,2.56,18.9,80.5,31,51,208.8034722,211,209,2.53,2.5,50.2,2541,2518,30.4,30.1,50.2,3553,3405,42.5,40.8,51.1,4901,4714,58.7,56.4,51,8.3,91.7,100,34.5,33.4,32.1,2,5.146341463,7.814814815,5.097560976,7.740740741,24,10,20,7
2016,Detroit Red Wings,2016Detroit Red Wings,Regular,15,14,82,41,30,11,93,39,0.567,29.7,2.55,2.67,18.8,81.5,29.7,50.5,208.0319444,209,219,2.51,2.63,48.8,2432,2438,29.2,29.3,49.9,3370,3330,40.5,40,50.3,4458,4239,53.6,50.9,51.3,8.59,91.02,99.6,35.8,32.4,31.8,-10,5.097560976,6.966666667,5.341463415,7.3,9,15,5,14
2016,Ottawa Senators,2016Ottawa Senators,Regular,19,19,82,38,35,9,85,32,0.518,28.4,2.8,2.94,15.8,75.8,28.4,50.6,208.3701389,229,241,2.75,2.89,48.7,2321,2682,27.8,32.2,46.4,3247,3666,39,44,47,4469,4859,53.6,58.3,47.9,9.87,91.01,100.9,33,34,33,-12,6.026315789,6.542857143,6.342105263,6.885714286,12,19,8,11
2016,Montréal Canadiens,2016Montréal Canadiens,Regular,21,21,82,38,38,6,82,33,0.5,30.5,2.63,2.84,16.2,81.9,30.5,50.3,207.0694444,216,232,2.61,2.8,48.2,2498,2406,30.2,29,50.9,3424,3302,41.3,39.9,50.9,4704,4445,56.8,53.7,51.4,8.65,90.36,99,32.9,34.7,32.4,-16,5.684210526,5.684210526,6.105263158,6.105263158,6,4,15,28
2016,Buffalo Sabres,2016Buffalo Sabres,Regular,23,23,82,35,36,11,81,33,0.494,29.5,2.43,2.62,18.9,82.6,29.5,49.4,207.9305556,198,214,2.38,2.57,48.1,2417,2511,29.1,30.2,49,3282,3505,39.5,42.1,48.4,4323,4600,52,55.3,48.4,8.19,91.48,99.7,33.2,34.8,32,-16,5.657142857,5.5,6.114285714,5.944444444,30,30,21,18
2016,New Jersey Devils,2016New Jersey Devils,Regular,20,20,82,38,36,8,84,36,0.512,24.4,2.22,2.46,19.9,83,24.4,46.4,207.7944444,182,202,2.19,2.43,47.4,2004,2343,24.1,28.2,46.1,2781,3174,33.5,38.2,46.7,3594,4228,43.2,50.9,45.9,9.08,91.38,100.5,31.3,36.4,32.3,-20,4.789473684,5.055555556,5.315789474,5.611111111,25,19,21,2
2016,Calgary Flames,2016Calgary Flames,Regular,26,26,82,35,40,7,77,33,0.47,29.2,2.79,3.13,17,75.5,29.2,48.6,207.0965278,228,254,2.75,3.07,47.3,2396,2371,28.9,28.6,50.3,3291,3376,39.7,40.8,49.4,4528,4696,54.7,56.7,49.1,9.52,89.29,98.8,33.9,33.6,32.5,-26,6.514285714,5.7,7.257142857,6.35,7,27,25,17
2016,Winnipeg Jets,2016Winnipeg Jets,Regular,24,24,82,35,39,8,78,32,0.476,29.6,2.59,2.88,14.8,78.4,29.6,46.7,207.1097222,211,236,2.55,2.85,47.2,2427,2422,29.3,29.2,50.1,3364,3330,40.6,40.2,50.3,4555,4462,55,53.9,50.5,8.69,90.26,98.9,33.6,33.2,33.2,-25,6.028571429,5.41025641,6.742857143,6.051282051,16,22,18,21
2016,Colorado Avalanche,2016Colorado Avalanche,Regular,21,21,82,39,39,4,82,35,0.5,28.6,2.59,2.93,18,80.2,28.6,49.9,206.5111111,212,239,2.57,2.89,47,2344,2649,28.4,32.1,46.9,3164,3702,38.3,44.8,46.1,4184,5103,50.7,61.8,45.1,9.04,90.98,100,32.8,35.1,32.2,-27,5.435897436,5.435897436,6.128205128,6.128205128,21,9,29,20
2016,Carolina Hurricanes,2016Carolina Hurricanes,Regular,18,18,82,35,31,16,86,33,0.524,29.9,2.39,2.7,16.8,84.3,29.9,53.7,208.4680556,195,220,2.34,2.64,47,2450,2259,29.4,27.1,52,3479,3246,41.7,38.9,51.7,4676,4225,56.1,50.7,52.5,7.96,90.26,98.2,35,31.7,33.3,-25,5.571428571,6.290322581,6.285714286,7.096774194,26,24,25,23
2016,Arizona Coyotes,2016Arizona Coyotes,Regular,24,24,82,35,39,8,78,34,0.476,27.6,2.54,2.98,17.7,77.3,27.6,54.7,206.4840278,208,243,2.52,2.94,46.1,2263,2539,27.4,30.7,47.1,3194,3635,38.7,44,46.8,4349,4783,52.7,57.9,47.6,9.19,90.43,99.6,33,34.7,32.3,-35,5.942857143,5.333333333,6.942857143,6.230769231,29,18,18,4
2016,Columbus Blue Jackets,2016Columbus Blue Jackets,Regular,27,27,82,34,40,8,76,28,0.463,29.1,2.6,3.02,17.3,81,29.1,49,207.7201389,212,248,2.55,2.98,46.1,2386,2547,28.7,30.7,48.4,3258,3537,39.2,42.6,47.9,4357,4797,52.4,57.7,47.6,8.89,90.26,99.1,32.4,35.4,32.2,-36,6.235294118,5.3,7.294117647,6.2,22,12,17,30
2016,Edmonton Oilers,2016Edmonton Oilers,Regular,29,29,82,31,43,8,70,27,0.427,29.1,2.43,2.95,18.1,81.1,29.1,48.8,207.4840278,199,242,2.4,2.92,45.1,2384,2548,28.7,30.7,48.3,3279,3547,39.5,42.7,48,4505,4779,54.3,57.6,48.5,8.35,90.5,98.8,32.3,35.2,32.5,-43,6.419354839,4.627906977,7.806451613,5.627906977,28,28,24,29
2016,Toronto Maple Leafs,2016Toronto Maple Leafs,Regular,30,30,82,29,42,11,69,23,0.421,30.7,2.34,2.93,15.4,81.6,30.7,50.6,208.1888889,192,240,2.31,2.88,44.4,2513,2502,30.2,30,50.1,3701,3521,44.4,42.3,51.2,5034,4556,60.4,54.7,52.5,7.64,90.41,98,34.7,34.3,31,-48,6.620689655,4.571428571,8.275862069,5.714285714,27,22,10,25
2016,Vancouver Canucks,2016Vancouver Canucks,Regular,28,28,82,31,38,13,75,26,0.457,28.2,2.27,2.91,15.8,81.1,28.2,45.4,208.4965278,185,238,2.22,2.85,43.7,2309,2666,27.7,32,46.4,3167,3605,38,43.2,46.8,4216,4663,50.6,55.9,47.5,8.01,91.07,99.1,34.1,34.5,31.3,-53,5.967741935,4.868421053,7.677419355,6.263157895,14,24,16,16
2015,New York Rangers,2015New York Rangers,Regular,1,4,82,53,22,7,113,49,0.689,31.5,3.02,2.28,16.4,84.3,31.5,46.7,222.1402778,248,187,2.79,2.1,57,2580,2416,29,27.2,51.6,3476,3408,39.1,38.4,50.5,4618,4567,52,51.4,50.3,9.61,92.26,101.9,33.6,33.6,32.8,61,4.679245283,11.27272727,3.528301887,8.5,2,7,3,15
2015,Tampa Bay Lightning,2015Tampa Bay Lightning,Regular,5,2,82,50,24,8,108,47,0.659,29.6,3.16,2.51,18.4,83.7,29.6,49.7,222.1402778,259,205,2.91,2.31,55.8,2427,2286,27.3,25.7,51.5,3354,3184,37.7,35.8,51.3,4505,4282,50.7,48.2,51.3,10.67,91.03,101.7,34.8,31.6,33.5,54,5.18,10.79166667,4.1,8.541666667,16,28,21,3
2015,St. Louis Blues,2015St. Louis Blues,Regular,3,13,82,51,24,7,109,42,0.665,30.9,2.91,2.4,22.3,83.7,30.9,53.4,222.1402778,239,196,2.69,2.21,54.9,2536,2232,28.5,25.1,53.2,3529,3121,39.7,35.1,53.1,4621,4294,52,48.3,51.8,9.42,91.22,100.6,34.2,34.8,30.9,43,4.68627451,9.958333333,3.843137255,8.166666667,14,13,8,20
2015,Washington Capitals,2015Washington Capitals,Regular,8,5,82,45,26,11,101,40,0.616,29.5,2.89,2.43,25.3,81.2,29.5,51.2,222.1402778,237,199,2.67,2.24,54.4,2418,2367,27.2,26.6,50.5,3478,3329,39.1,37.5,51.1,4734,4600,53.3,51.8,50.7,9.8,91.59,101.4,34.8,32.5,32.7,38,5.266666667,9.115384615,4.422222222,7.653846154,17,11,5,8
2015,Chicago Blackhawks,2015Chicago Blackhawks,Regular,7,1,82,48,28,6,102,39,0.622,33.9,2.68,2.27,17.6,83.4,33.9,52,222.1402778,220,185,2.48,2.08,54.3,2775,2476,31.2,27.9,52.8,3711,3273,41.8,36.8,53.1,5107,4313,57.5,48.5,54.2,7.93,92.53,100.5,37.9,30.7,31.3,35,4.583333333,7.857142857,3.854166667,6.607142857,3,1,12,10
2015,Montréal Canadiens,2015Montréal Canadiens,Regular,2,6,82,50,22,10,110,43,0.671,28.5,2.61,2.24,16,83.7,28.5,52.1,222.1402778,213,184,2.4,2.07,53.7,2333,2470,26.3,27.8,48.6,3238,3415,36.4,38.4,48.7,4526,4821,50.9,54.3,48.4,9.13,92.55,101.7,32,36,32,29,4.26,9.681818182,3.68,8.363636364,4,15,28,11
2015,Minnesota Wild,2015Minnesota Wild,Regular,11,8,82,46,28,8,100,42,0.61,30.8,2.77,2.41,15.8,86.3,30.8,49.9,222.1402778,226,198,2.54,2.23,53.3,2521,2266,28.4,25.5,52.7,3474,3177,39.1,35.8,52.2,4590,4410,51.7,49.6,51,8.96,91.26,100.2,34.9,33.2,31.9,28,4.913043478,8.071428571,4.304347826,7.071428571,8,14,24,21
2015,Nashville Predators,2015Nashville Predators,Regular,6,11,82,47,25,10,104,41,0.634,31.9,2.76,2.46,16.2,80.8,31.9,48.9,222.1402778,226,201,2.54,2.26,52.9,2614,2316,29.4,26.1,53,3632,3203,40.9,36,53.1,4882,4383,54.9,49.3,52.7,8.65,91.32,100,35.8,33.4,30.7,25,4.808510638,9.04,4.276595745,8.04,19,27,6,6
2015,Ottawa Senators,2015Ottawa Senators,Regular,13,12,82,43,26,13,99,37,0.604,31,2.83,2.54,16.8,82.9,31,48.2,222.1402778,232,208,2.61,2.34,52.7,2538,2633,28.6,29.6,49.1,3511,3568,39.5,40.2,49.6,4811,4613,54.1,51.9,51.1,9.14,92.1,101.2,34.2,33.8,32,24,5.395348837,8.923076923,4.837209302,8,19,8,11,26
2015,Calgary Flames,2015Calgary Flames,Regular,16,7,82,45,30,7,97,41,0.591,27.5,2.89,2.6,18,80.6,27.5,47.4,222.1402778,237,213,2.67,2.4,52.7,2251,2392,25.3,26.9,48.5,3141,3438,35.3,38.7,47.7,4386,4995,49.4,56.2,46.8,10.53,91.1,101.6,32.7,35.6,31.7,24,5.266666667,7.9,4.733333333,7.1,27,25,17,17
2015,Los Angeles Kings,2015Los Angeles Kings,Regular,18,18,82,40,27,15,95,38,0.579,30.9,2.66,2.4,19,80.9,30.9,51.3,222.1402778,217,197,2.44,2.22,52.4,2534,2215,28.5,24.9,53.4,3643,3158,41,35.5,53.6,4887,4150,55,46.7,54.1,8.56,91.11,99.7,36.5,31.5,32,20,5.425,8.037037037,4.925,7.296296296,1,3,1,14
2015,Detroit Red Wings,2015Detroit Red Wings,Regular,11,9,82,43,25,14,100,39,0.61,29.6,2.82,2.57,23.5,80.9,29.6,51.5,222.1402778,231,211,2.6,2.37,52.3,2428,2320,27.3,26.1,51.1,3349,3136,37.7,35.3,51.6,4498,4044,50.6,45.5,52.7,9.51,90.91,100.4,36.9,31.6,31.5,20,5.372093023,9.24,4.906976744,8.44,15,5,14,5
2015,New York Islanders,2015New York Islanders,Regular,8,10,82,47,28,7,101,40,0.616,33.8,2.99,2.73,18.7,78,33.8,49.2,222.1402778,245,224,2.76,2.52,52.2,2771,2320,31.2,26.1,54.4,3814,3220,42.9,36.2,54.2,5127,4543,57.7,51.1,53,8.84,90.34,99.2,36.1,31.5,32.4,21,5.212765957,8.75,4.765957447,8,26,12,27,27
2015,Winnipeg Jets,2015Winnipeg Jets,Regular,13,16,82,43,26,13,99,36,0.604,29.7,2.72,2.49,17.5,81.8,29.7,48.9,222.1402778,223,204,2.51,2.3,52.2,2439,2350,27.4,26.4,50.9,3401,3240,38.3,36.5,51.2,4689,4360,52.8,49.1,51.8,9.14,91.32,100.5,34,34,32,19,5.186046512,8.576923077,4.744186047,7.846153846,22,18,21,25
2015,Vancouver Canucks,2015Vancouver Canucks,Regular,8,14,82,48,29,5,101,42,0.616,29.9,2.88,2.68,18.9,85.7,29.9,46.7,222.1402778,236,218,2.66,2.45,52,2454,2444,27.6,27.5,50.1,3354,3373,37.7,38,49.9,4429,4589,49.8,51.6,49.1,9.62,91.08,100.7,33,35,32,18,4.916666667,8.137931034,4.541666667,7.517241379,24,16,16,2
2015,Pittsburgh Penguins,2015Pittsburgh Penguins,Regular,15,15,82,43,27,12,98,39,0.598,31.6,2.65,2.49,19.3,84.8,31.6,49.1,222.1402778,217,203,2.44,2.28,51.7,2594,2398,29.2,27,52,3511,3237,39.5,36.4,52,4676,4331,52.6,48.7,51.9,8.37,91.53,99.9,35.2,31.6,33.2,14,5.046511628,8.037037037,4.720930233,7.518518519,7,4,13,12
2015,Boston Bruins,2015Boston Bruins,Regular,17,17,82,41,27,14,96,37,0.585,31,2.55,2.45,17.8,82,31,53.6,222.1402778,209,200,2.35,2.25,51.1,2546,2448,28.7,27.6,51,3550,3371,40,37.9,51.3,4817,4418,54.2,49.7,52.2,8.21,91.83,100,34.5,33.9,31.6,9,5.097560976,7.740740741,4.87804878,7.407407407,6,2,9,1
2015,Anaheim Ducks,2015Anaheim Ducks,Regular,3,3,82,51,24,7,109,43,0.665,30,2.78,2.7,15.7,81,30,51.6,222.1402778,226,219,2.54,2.46,50.8,2455,2365,27.6,26.6,50.9,3575,3358,40.2,37.8,51.6,4716,4520,53.1,50.9,51.1,9.21,90.74,99.9,33.8,33.8,32.4,7,4.431372549,9.416666667,4.294117647,9.125,5,9,25,13
2015,Dallas Stars,2015Dallas Stars,Regular,19,19,82,41,31,10,92,37,0.561,31.2,3.13,3.13,19.3,80.7,31.2,51.7,222.1402778,255,256,2.87,2.88,49.9,2556,2452,28.8,27.6,51,3747,3459,42.2,38.9,52,5102,4706,57.4,53,52,9.98,89.56,99.5,34.4,32.2,33.4,-1,6.219512195,8.225806452,6.243902439,8.258064516,13,21,18,17
2015,San Jose Sharks,2015San Jose Sharks,Regular,22,22,82,40,33,9,89,36,0.543,31.6,2.73,2.76,20.9,78.5,31.6,51.9,222.1402778,223,226,2.51,2.54,49.7,2589,2436,29.1,27.4,51.5,3687,3421,41.5,38.5,51.9,5093,4713,57.3,53,51.9,8.61,90.72,99.3,34,35.1,30.8,-3,5.575,6.757575758,5.65,6.848484848,11,6,15,4
2015,Philadelphia Flyers,2015Philadelphia Flyers,Regular,24,24,82,33,31,18,84,30,0.512,29.4,2.59,2.72,23,77.1,29.4,51.1,222.1402778,212,223,2.39,2.51,48.7,2413,2481,27.2,27.9,49.3,3353,3444,37.7,38.8,49.3,4628,4692,52.1,52.8,49.7,8.79,91.01,99.8,35.1,33.4,31.5,-11,6.424242424,6.838709677,6.757575758,7.193548387,10,20,7,7
2015,Colorado Avalanche,2015Colorado Avalanche,Regular,21,21,82,39,31,12,90,29,0.549,27.9,2.55,2.72,14.6,84.6,27.9,50.8,222.1402778,209,223,2.35,2.51,48.4,2286,2719,25.7,30.6,45.7,3053,3791,34.4,42.7,44.6,4087,5182,46,58.3,44.1,9.14,91.8,100.9,32,36.9,31.1,-14,5.358974359,6.741935484,5.717948718,7.193548387,9,29,20,29
2015,Florida Panthers,2015Florida Panthers,Regular,20,20,82,38,29,15,91,30,0.555,30.7,2.41,2.6,16.3,80,30.7,48.6,222.1402778,198,213,2.23,2.4,48.2,2517,2421,28.3,27.2,51,3396,3329,38.2,37.5,50.5,4454,4330,50.1,48.7,50.7,7.87,91.2,99.1,34.1,33.8,32.1,-15,5.210526316,6.827586207,5.605263158,7.344827586,29,30,10,28
2015,Columbus Blue Jackets,2015Columbus Blue Jackets,Regular,22,22,82,42,35,5,89,33,0.543,28.9,2.77,3.02,21.7,80.2,28.9,49.3,222.1402778,225,248,2.53,2.79,47.6,2363,2741,26.6,30.8,46.3,3187,3664,35.9,41.2,46.5,4212,4744,47.4,53.4,47,9.52,90.95,100.5,31.7,36.7,31.6,-23,5.357142857,6.428571429,5.904761905,7.085714286,12,17,30,23
2015,New Jersey Devils,2015New Jersey Devils,Regular,25,25,82,32,36,14,78,27,0.476,24.5,2.15,2.55,18.9,80.6,24.5,47.3,222.1402778,176,208,1.98,2.34,45.8,2009,2515,22.6,28.3,44.4,2784,3346,31.3,37.7,45.4,3702,4388,41.7,49.4,45.8,8.76,91.73,100.5,30.4,36.5,33.1,-32,5.5,4.888888889,6.5,5.777777778,19,21,2,23
2015,Carolina Hurricanes,2015Carolina Hurricanes,Regular,26,26,82,30,41,11,71,25,0.433,30.8,2.23,2.67,18.3,84.7,30.8,53,222.1402778,182,219,2.05,2.46,45.4,2523,2237,28.4,25.2,53,3548,3221,39.9,36.2,52.4,4847,4311,54.5,48.5,52.9,7.21,90.21,97.4,36,31.7,32.3,-37,6.066666667,4.43902439,7.3,5.341463415,24,25,23,19
2015,Toronto Maple Leafs,2015Toronto Maple Leafs,Regular,27,27,82,30,44,8,68,25,0.415,29.2,2.51,3.13,15.9,80.5,29.2,49,222.1402778,205,257,2.31,2.89,44.4,2395,2748,27,30.9,46.6,3332,3863,37.5,43.5,46.3,4419,5038,49.7,56.7,46.7,8.56,90.65,99.2,31.7,36.8,31.6,-52,6.833333333,4.659090909,8.566666667,5.840909091,22,10,25,22
2015,Edmonton Oilers,2015Edmonton Oilers,Regular,28,28,82,24,44,14,62,19,0.378,28.4,2.35,3.37,17.7,76.7,28.4,48.2,222.1402778,191,275,2.15,3.09,41,2328,2463,26.2,27.7,48.6,3265,3486,36.7,39.2,48.4,4489,4691,50.5,52.8,48.9,8.2,88.83,97,33.9,32.8,33.3,-84,7.958333333,4.340909091,11.45833333,6.25,28,24,29,30
2015,Arizona Coyotes,2015Arizona Coyotes,Regular,29,29,82,24,50,8,56,19,0.341,29.2,2.01,3.26,20,76.7,29.2,51.8,222.1402778,165,267,1.86,3,38.2,2391,2722,26.9,30.6,46.8,3383,3790,38.1,42.7,47.2,4617,5061,52,57,47.7,6.9,90.19,97.1,32.8,35.3,31.9,-102,6.875,3.3,11.125,5.34,18,18,4,16
2015,Buffalo Sabres,2015Buffalo Sabres,Regular,30,30,82,23,51,8,54,15,0.329,24.2,1.87,3.28,13.4,75.1,24.2,44.9,222.1402778,153,268,1.72,3.02,36.3,1984,2919,22.3,32.9,40.5,2640,4093,29.7,46.1,39.2,3446,5626,38.8,63.3,38,7.71,90.82,98.5,28.7,40.3,31,-115,6.652173913,3,11.65217391,5.254901961,30,21,18,9
2014,Boston Bruins,2014Boston Bruins,Regular,1,6,82,54,19,9,117,51,0.713,31.9,3.15,2.09,21.7,83.7,31.9,51.6,207.4506944,257,170,3.1,2.05,60.2,2612,2383,31.5,28.7,52.3,3599,3225,43.4,38.9,52.7,4837,4276,58.3,51.5,53.1,9.84,92.87,102.7,35.3,32.4,32.4,87,4.759259259,13.52631579,3.148148148,8.947368421,2,9,1,5
2014,Anaheim Ducks,2014Anaheim Ducks,Regular,2,5,82,54,20,8,116,51,0.707,31.3,3.21,2.48,16.4,82.2,31.3,49.2,207.78125,263,203,3.16,2.44,56.4,2566,2352,30.9,28.3,52.2,3585,3433,43.1,41.3,51.1,4704,4673,56.6,56.2,50.2,10.25,91.37,101.6,34.6,33.5,32,60,4.87037037,13.15,3.759259259,10.15,9,25,13,17
2014,St. Louis Blues,2014St. Louis Blues,Regular,4,14,82,52,23,7,111,43,0.677,29.3,2.91,2.29,19.4,85.7,29.3,51.9,208.4173611,237,188,2.84,2.26,55.8,2400,2162,28.8,25.9,52.6,3426,3033,41.1,36.4,53,4618,4154,55.4,49.8,52.6,9.88,91.3,101.2,34.9,32.5,32.6,49,4.557692308,10.30434783,3.615384615,8.173913043,13,8,20,17
2014,San Jose Sharks,2014San Jose Sharks,Regular,4,11,82,51,22,9,111,41,0.677,34.8,2.91,2.35,17.2,84.9,34.8,52.8,209.1916667,239,192,2.86,2.29,55.5,2850,2280,34.1,27.2,55.6,3998,3204,47.8,38.3,55.5,5378,4490,64.3,53.7,54.5,8.39,91.58,100,34.1,33.1,32.8,47,4.68627451,10.86363636,3.764705882,8.727272727,6,15,4,4
2014,Chicago Blackhawks,2014Chicago Blackhawks,Regular,7,3,82,46,21,15,107,40,0.652,33.1,3.18,2.59,19.1,81.5,33.1,52,208.6034722,260,211,3.12,2.53,55.2,2715,2225,32.5,26.7,55,3635,3006,43.6,36,54.7,4903,4029,58.8,48.3,54.9,9.58,90.52,100.1,36.2,29.7,34.2,49,5.652173913,12.38095238,4.586956522,10.04761905,1,12,10,1
2014,Los Angeles Kings,2014Los Angeles Kings,Regular,9,1,82,46,28,8,100,38,0.61,31.6,2.41,2.05,14.8,83.1,31.6,52.8,208.3347222,198,167,2.38,2,54.2,2591,2149,31.1,25.8,54.7,3777,3104,45.3,37.2,54.9,5060,4031,60.7,48.4,55.7,7.64,92.23,99.9,36.8,31.8,31.4,31,4.304347826,7.071428571,3.630434783,5.964285714,3,1,14,13
2014,Pittsburgh Penguins,2014Pittsburgh Penguins,Regular,6,7,82,51,24,7,109,44,0.665,29.9,2.95,2.49,23.4,85,29.9,51,207.7326389,240,204,2.89,2.46,54.1,2449,2357,29.5,28.4,51,3313,3340,39.9,40.2,49.8,4396,4527,52.9,54.5,49.3,9.8,91.34,101.1,33,32.6,34.4,36,4.705882353,10,4,8.5,4,13,12,6
2014,New York Rangers,2014New York Rangers,Regular,12,2,82,45,31,6,96,41,0.585,33.2,2.61,2.32,18.2,85.3,33.2,48.8,206.8395833,213,185,2.57,2.24,53.5,2714,2405,32.8,29.1,53,3707,3304,44.8,39.9,52.9,4969,4422,60.1,53.4,52.9,7.85,92.31,100.2,35.7,32.5,31.8,28,4.733333333,6.870967742,4.111111111,5.967741935,7,3,15,21
2014,Colorado Avalanche,2014Colorado Avalanche,Regular,3,9,82,52,22,8,112,47,0.683,29.5,2.99,2.63,19.4,80.7,29.5,49.5,208.4368056,245,216,2.94,2.59,53.1,2422,2676,29,32.1,47.5,3250,3738,39,44.8,46.5,4313,4940,51.7,59.3,46.6,10.12,91.93,102,33.4,34.8,31.8,29,4.711538462,11.13636364,4.153846154,9.818181818,29,20,29,12
2014,Tampa Bay Lightning,2014Tampa Bay Lightning,Regular,8,16,82,46,27,9,101,38,0.616,29.8,2.83,2.55,18.1,80.7,29.8,49.2,208.8798611,232,208,2.78,2.49,52.7,2444,2397,29.3,28.7,50.5,3440,3404,41.2,40.7,50.3,4475,4525,53.6,54.2,49.7,9.49,91.32,100.8,34.3,33,32.7,24,5.043478261,8.592592593,4.52173913,7.703703704,28,21,3,24
2014,Columbus Blue Jackets,2014Columbus Blue Jackets,Regular,14,12,82,43,32,7,93,38,0.567,29.6,2.76,2.61,19.3,82.1,29.6,51.6,207.3645833,224,214,2.7,2.58,51.1,2430,2522,29.3,30.4,49.1,3335,3341,40.2,40.3,50,4444,4422,53.6,53.3,50.1,9.22,91.51,100.7,32.7,35.1,32.3,10,5.209302326,7,4.976744186,6.6875,17,30,23,26
2014,Montréal Canadiens,2014Montréal Canadiens,Regular,9,4,82,46,28,8,100,40,0.61,28.4,2.55,2.45,16.5,85.1,28.4,49.6,207.9451389,208,199,2.5,2.39,51.1,2326,2539,28,30.5,47.8,3267,3519,39.3,42.3,48.1,4446,5009,53.5,60.2,47,8.94,92.16,101.1,30.8,36.2,33,9,4.52173913,7.428571429,4.326086957,7.107142857,15,28,11,3
2014,Philadelphia Flyers,2014Philadelphia Flyers,Regular,13,10,82,42,30,10,94,39,0.573,30.4,2.84,2.77,19.7,84.8,30.4,50,207.9798611,233,227,2.8,2.73,50.7,2487,2507,29.9,30.1,49.8,3492,3421,42,41.1,50.5,4773,4621,57.4,55.5,50.8,9.37,90.95,100.3,34,32.9,33.1,6,5.547619048,7.766666667,5.404761905,7.566666667,20,7,7,2
2014,Dallas Stars,2014Dallas Stars,Regular,16,13,82,40,31,11,91,36,0.555,31.7,2.82,2.72,16.2,81.4,31.7,50.1,207.9256944,227,222,2.73,2.67,50.6,2595,2489,31.2,29.9,51,3699,3533,44.5,42.5,51.1,4947,4743,59.5,57,51.1,8.75,91.08,99.8,34.9,32.3,32.8,5,5.675,7.322580645,5.55,7.161290323,21,18,17,18
2014,New Jersey Devils,2014New Jersey Devils,Regular,19,19,82,35,29,18,88,35,0.537,26.8,2.4,2.38,19.5,86.4,26.8,47,208.9131944,197,194,2.36,2.32,50.4,2199,2086,26.3,25,51.3,3031,2797,36.3,33.5,52,4044,3646,48.4,43.6,52.6,8.96,90.7,99.7,33.5,31.3,35.2,3,5.628571429,6.793103448,5.542857143,6.689655172,21,2,23,16
2014,Minnesota Wild,2014Minnesota Wild,Regular,11,8,82,43,27,12,98,35,0.598,26.6,2.43,2.41,17.5,78.8,26.6,50.9,209.1125,198,195,2.37,2.33,50.4,2179,2270,26.1,27.1,49,3038,3185,36.3,38.1,48.8,4075,4309,48.7,51.5,48.6,9.09,91.41,100.5,33,34.2,32.8,3,4.604651163,7.333333333,4.534883721,7.222222222,14,24,21,22
2014,Detroit Red Wings,2014Detroit Red Wings,Regular,14,15,82,39,28,15,93,34,0.567,30,2.65,2.7,17.4,83,30,50.7,209.3902778,217,220,2.59,2.63,49.7,2454,2398,29.3,28.6,50.6,3376,3195,40.3,38.1,51.4,4358,4209,52,50.3,50.9,8.84,90.83,99.7,35.3,32.4,32.3,-3,5.564102564,7.75,5.641025641,7.857142857,5,14,5,8
2014,Washington Capitals,2014Washington Capitals,Regular,17,17,82,38,30,14,90,28,0.549,29.4,2.74,2.79,23.4,82,29.4,48.4,209.8479167,224,229,2.67,2.73,49.4,2411,2748,28.7,32.7,46.7,3362,3760,40.1,44.8,47.2,4519,4970,53.8,59.2,47.6,9.29,91.67,101,34.1,33.4,32.5,-5,5.894736842,7.466666667,6.026315789,7.633333333,11,5,8,10
2014,Winnipeg Jets,2014Winnipeg Jets,Regular,22,22,82,37,35,10,84,29,0.512,30.7,2.67,2.82,15.4,83.2,30.7,46.9,208.8763889,219,230,2.62,2.75,48.8,2515,2471,30.1,29.6,50.4,3541,3455,42.4,41.4,50.6,4760,4711,57,56.4,50.3,8.71,90.69,99.4,33.4,32.6,34,-11,5.918918919,6.257142857,6.216216216,6.571428571,18,21,25,23
2014,Arizona Coyotes,2014Arizona Coyotes,Regular,18,18,82,37,30,15,89,31,0.543,30.5,2.56,2.73,19.5,79,30.5,52,208.9416667,210,224,2.51,2.68,48.4,2499,2538,29.9,30.4,49.6,3497,3502,41.8,41.9,50,4705,4632,56.3,55.4,50.4,8.4,91.17,99.6,34.2,32.7,33.1,-14,5.675675676,7,6.054054054,7.466666667,18,4,16,9
2014,Nashville Predators,2014Nashville Predators,Regular,19,19,82,38,32,12,88,36,0.537,29,2.61,2.84,18.8,80.3,29,53.1,207.8284722,213,233,2.56,2.8,47.8,2380,2368,28.6,28.5,50.1,3239,3322,39,40,49.4,4237,4552,51,54.8,48.2,8.95,90.16,99.1,32.8,35.7,31.5,-20,5.605263158,6.65625,6.131578947,7.28125,27,6,6,14
2014,Carolina Hurricanes,2014Carolina Hurricanes,Regular,24,24,82,36,35,11,83,34,0.506,31.2,2.5,2.76,14.6,81.7,31.2,52.6,207.4645833,204,225,2.46,2.71,47.6,2559,2535,30.8,30.5,50.2,3617,3595,43.6,43.3,50.2,4927,4691,59.4,56.5,51.2,7.97,91.12,99.1,36.1,32.1,31.8,-21,5.666666667,5.828571429,6.25,6.428571429,25,23,19,24
2014,Vancouver Canucks,2014Vancouver Canucks,Regular,24,24,82,36,35,11,83,31,0.506,30.8,2.33,2.63,15.2,83.2,30.8,51.4,208.6604167,191,216,2.29,2.59,46.9,2525,2324,30.3,27.8,52.1,3556,3268,42.6,39.2,52.1,4805,4485,57.6,53.7,51.7,7.56,90.71,98.3,33.3,34.9,31.8,-25,5.305555556,5.457142857,6,6.171428571,16,16,2,7
2014,Ottawa Senators,2014Ottawa Senators,Regular,19,19,82,37,31,14,88,30,0.537,32.8,2.79,3.15,18.8,80.9,32.8,51.2,208.5576389,228,258,2.73,3.09,46.9,2688,2849,32.2,34.2,48.5,3780,3831,45.3,45.9,49.7,5027,4786,60.3,57.4,51.2,8.48,90.94,99.4,33.4,33.5,33.1,-30,6.162162162,7.35483871,6.972972973,8.322580645,8,11,26,15
2014,Toronto Maple Leafs,2014Toronto Maple Leafs,Regular,22,22,82,38,36,8,84,29,0.512,27.9,2.71,3.07,19.8,78.3,27.9,48.3,208.6305556,221,252,2.65,3.02,46.7,2290,2943,27.4,35.3,43.8,3154,4228,37.8,50.7,42.7,4261,5506,51.1,66,43.6,9.65,91.44,101.1,28.6,39.4,32.1,-31,5.815789474,6.138888889,6.631578947,7,10,25,22,29
2014,Calgary Flames,2014Calgary Flames,Regular,27,27,82,35,40,7,77,28,0.47,26.8,2.46,2.9,15.7,81.7,26.8,46.2,208.1270833,201,238,2.41,2.86,45.8,2198,2345,26.4,28.2,48.4,3122,3319,37.5,39.9,48.5,4241,4742,50.9,57,47.2,9.14,89.85,99,32.9,34,33,-37,5.742857143,5.025,6.8,5.95,25,17,17,17
2014,New York Islanders,2014New York Islanders,Regular,26,26,82,34,37,11,79,25,0.482,30.9,2.63,3.18,17.8,78.1,30.9,47.2,208.9236111,215,261,2.57,3.12,45.2,2530,2465,30.3,29.5,50.7,3460,3485,41.4,41.7,49.8,4721,4726,56.5,56.6,50,8.5,89.41,97.9,34.4,33.2,32.4,-46,6.323529412,5.810810811,7.676470588,7.054054054,12,27,27,26
2014,Edmonton Oilers,2014Edmonton Oilers,Regular,28,28,82,29,44,9,67,25,0.409,26.9,2.43,3.26,16.6,82.1,26.9,49,207.45625,199,266,2.4,3.21,42.8,2208,2695,26.6,32.5,45,3042,3830,36.7,46.2,44.3,4096,5082,49.4,61.2,44.6,9.01,90.13,99.1,30.7,35.9,33.4,-67,6.862068966,4.522727273,9.172413793,6.045454545,24,29,30,30
2014,Florida Panthers,2014Florida Panthers,Regular,29,29,82,29,45,8,66,21,0.402,29.9,2.29,3.2,10,76,29.9,48.3,208.0729167,188,261,2.26,3.14,41.9,2448,2547,29.4,30.6,49,3400,3416,40.9,41,49.9,4463,4398,53.6,52.8,50.4,7.68,89.75,97.4,33.3,34,32.7,-73,6.482758621,4.177777778,9,5.8,30,10,28,28
2014,Buffalo Sabres,2014Buffalo Sabres,Regular,30,30,82,21,51,10,52,14,0.317,26.3,1.83,2.96,14.4,81.4,26.3,46.8,208.0548611,149,242,1.79,2.91,38.1,2154,2813,25.9,33.8,43.4,2932,3877,35.2,46.6,43.1,3920,5115,47.1,61.5,43.4,6.92,91.4,98.3,30.7,37.8,31.6,-93,7.095238095,2.921568627,11.52380952,4.745098039,21,18,9,11
2013,Chicago Blackhawks,2013Chicago Blackhawks,Regular,1,1,48,36,7,5,77,30,0.802,31.1,3.1,2.02,16.7,87.2,31.1,50.8,122.675,149,97,3.04,1.98,60.6,1494,1257,30.4,25.6,54.3,1994,1692,40.6,34.5,54.1,2686,2344,54.7,47.8,53.4,9.97,92.28,102.3,36.1,31.1,32.8,52,4.138888889,21.28571429,2.694444444,13.85714286,12,10,1,3
2013,Pittsburgh Penguins,2013Pittsburgh Penguins,Regular,2,4,48,36,12,0,72,33,0.75,30,3.38,2.48,23.5,79.6,30,51.5,120.7666667,162,119,3.35,2.46,57.7,1438,1403,29.8,29,50.6,1985,1951,41.1,40.4,50.4,2635,2686,54.5,55.6,49.5,11.27,91.52,102.8,32.5,33.6,33.9,43,4.5,13.5,3.305555556,9.916666667,13,12,6,1
2013,Boston Bruins,2013Boston Bruins,Regular,5,2,48,28,14,6,62,24,0.646,32.4,2.65,2.21,13.9,87.1,32.4,56.4,121.7729167,126,106,2.59,2.18,54.3,1555,1374,31.9,28.2,53.1,2166,1897,44.5,38.9,53.3,2927,2546,60.1,52.3,53.5,8.1,92.29,100.4,33.1,34.3,32.5,20,4.5,9,3.785714286,7.571428571,9,1,5,6
2013,Montréal Canadiens,2013Montréal Canadiens,Regular,4,15,48,29,14,5,63,26,0.656,30.6,3.04,2.58,20.7,79.8,30.6,49.8,121.5569444,146,124,3,2.55,54.1,1468,1292,30.2,26.6,53.2,2048,1784,42.1,36.7,53.4,2809,2486,57.8,51.1,53,9.95,90.4,100.3,34.4,31.3,34.3,22,5.034482759,10.42857143,4.275862069,8.857142857,28,11,3,15
2013,New York Rangers,2013New York Rangers,Regular,12,7,48,26,18,4,56,22,0.583,30.9,2.63,2.25,15.7,81.1,30.9,50,121.9465278,126,108,2.58,2.21,53.8,1482,1353,30.4,27.7,52.3,2048,1903,42,39,51.8,2776,2676,56.9,54.9,50.9,8.5,92.02,100.5,36.4,32,31.6,18,4.846153846,7,4.153846154,6,3,15,21,10
2013,Anaheim Ducks,2013Anaheim Ducks,Regular,3,9,48,30,12,6,66,24,0.688,28.1,2.79,2.4,21.5,81.5,28.1,47.5,122.3125,134,115,2.74,2.35,53.8,1346,1339,27.5,27.4,50.1,1870,1965,38.2,40.2,48.8,2522,2741,51.5,56,47.9,9.96,91.41,101.4,32.4,34.3,33.3,19,4.466666667,11.16666667,3.833333333,9.583333333,25,13,17,5
2013,Los Angeles Kings,2013Los Angeles Kings,Regular,7,3,48,27,16,5,59,25,0.615,29.8,2.73,2.38,19.9,83.2,29.8,52,121.5479167,131,114,2.69,2.34,53.5,1431,1197,29.4,24.6,54.5,2086,1718,42.9,35.3,54.8,2796,2229,57.5,45.8,55.6,9.15,90.48,99.6,37.4,31,31.6,17,4.851851852,8.1875,4.222222222,7.125,1,14,13,25
2013,Toronto Maple Leafs,2013Toronto Maple Leafs,Regular,9,10,48,26,17,5,57,26,0.594,26.3,3.02,2.67,18.7,87.9,26.3,50.1,121.2979167,145,128,2.99,2.64,53.1,1263,1549,26,31.9,44.9,1810,2212,37.3,45.6,45,2488,3038,51.3,62.6,45,11.48,91.74,103.2,29.4,36.8,33.8,17,5.576923077,8.529411765,4.923076923,7.529411765,25,22,29,24
2013,Washington Capitals,2013Washington Capitals,Regular,9,11,48,27,18,3,57,24,0.594,28.1,3.04,2.71,26.8,77.9,28.1,50.8,121.2298611,146,129,3.01,2.66,53.1,1350,1549,27.8,31.9,46.6,1903,2058,39.2,42.4,48,2610,2823,53.8,58.2,48,10.81,91.67,102.5,32.4,35.4,32.2,17,5.407407407,8.111111111,4.777777778,7.166666667,5,8,10,7
2013,Ottawa Senators,2013Ottawa Senators,Regular,12,8,48,25,17,6,56,21,0.583,33.1,2.33,2.08,15.9,88,33.1,49.2,122.0465278,112,100,2.29,2.05,52.8,1589,1502,32.5,30.8,51.4,2186,2026,44.8,41.5,51.9,3004,2641,61.5,54.1,53.2,7.05,93.34,100.4,35.4,32.4,32.2,12,4.48,6.588235294,4,5.882352941,11,26,15,22
2013,Detroit Red Wings,2013Detroit Red Wings,Regular,12,5,48,24,16,8,56,22,0.583,30.1,2.54,2.29,18.9,81.7,30.1,50.8,121.9888889,122,110,2.5,2.25,52.6,1448,1320,29.7,27.1,52.3,2060,1776,42.2,36.4,53.7,2735,2336,56.1,47.9,53.9,8.43,91.67,100.1,38.4,31.4,30.2,12,5.083333333,7.625,4.583333333,6.875,14,5,8,2
2013,St. Louis Blues,2013St. Louis Blues,Regular,6,13,48,29,17,2,60,24,0.625,27.8,2.58,2.38,18.8,84.7,27.8,50.7,121.6083333,123,114,2.53,2.34,51.9,1335,1161,27.4,23.9,53.5,1874,1651,38.5,33.9,53.2,2525,2328,51.9,47.9,52,9.21,90.18,99.4,35.1,32.9,32,9,4.24137931,7.235294118,3.931034483,6.705882353,8,20,17,16
2013,Vancouver Canucks,2013Vancouver Canucks,Regular,7,16,48,26,15,7,59,21,0.615,28.1,2.54,2.4,15.8,84,28.1,47.6,122.6548611,121,115,2.47,2.34,51.3,1349,1388,27.5,28.3,49.3,1911,1865,39,38,50.6,2622,2431,53.4,49.5,51.9,8.97,91.71,100.7,34.8,34.1,31.1,6,4.653846154,8.066666667,4.423076923,7.666666667,16,2,7,8
2013,San Jose Sharks,2013San Jose Sharks,Regular,9,6,48,25,16,7,57,17,0.594,31.8,2.42,2.33,19.5,85,31.8,53.4,122.8465278,116,112,2.36,2.28,50.9,1524,1390,31,28.3,52.3,2157,1960,43.9,39.9,52.4,2960,2760,60.2,56.2,51.7,7.61,91.94,99.6,34.7,34.3,31.1,4,4.64,7.25,4.48,7,15,4,4,13
2013,Tampa Bay Lightning,2013Tampa Bay Lightning,Regular,28,28,48,18,26,4,40,17,0.417,27.6,3.06,3.06,19,80.6,27.6,51.2,121.0125,147,146,3.04,3.02,50.2,1322,1450,27.3,30,47.7,1825,2056,37.7,42.5,47,2409,2736,49.8,56.5,46.8,11.12,89.93,101.1,30.7,34.1,35.2,1,8.166666667,5.653846154,8.111111111,5.615384615,21,3,24,29
2013,Columbus Blue Jackets,2013Columbus Blue Jackets,Regular,15,17,48,24,17,7,55,19,0.573,26.7,2.4,2.4,14.2,82.6,26.7,52,122.9111111,115,115,2.34,2.34,50,1283,1435,26.1,29.2,47.2,1736,1931,35.3,39.3,47.3,2416,2558,49.1,52,48.6,8.96,91.99,100.9,33,33.8,33.2,0,4.791666667,6.764705882,4.791666667,6.764705882,30,23,26,14
2013,New York Islanders,2013New York Islanders,Regular,15,12,48,24,17,7,55,20,0.573,30.9,2.81,2.83,19.9,80.3,30.9,49.7,121.9652778,135,136,2.77,2.79,49.8,1485,1352,30.4,27.7,52.3,2008,1925,41.2,39.5,51.1,2760,2691,56.6,55.2,50.6,9.09,89.94,99,33.8,32.1,34,-1,5.625,7.941176471,5.666666667,8,27,27,26,30
2013,Arizona Coyotes,2013Arizona Coyotes,Regular,18,18,48,21,18,9,51,17,0.531,30.9,2.52,2.6,15.4,79.9,30.9,52,122.7166667,121,125,2.46,2.55,49.2,1482,1467,30.2,29.9,50.3,2084,2063,42.5,42,50.3,2779,2752,56.6,56.1,50.2,8.16,91.48,99.6,35.3,33.5,31.2,-4,5.761904762,6.722222222,5.952380952,6.944444444,4,16,9,25
2013,Philadelphia Flyers,2013Philadelphia Flyers,Regular,20,20,48,23,22,3,49,22,0.51,29,2.75,2.9,21.6,85.9,29,48.5,120.8513889,132,137,2.73,2.83,49.1,1394,1369,28.8,28.3,50.5,1915,1974,39.6,40.8,49.2,2599,2758,53.8,57.1,48.5,9.47,89.99,99.5,30.4,35.5,34.2,-5,5.739130435,6,5.956521739,6.227272727,7,7,2,12
2013,Minnesota Wild,2013Minnesota Wild,Regular,15,14,48,26,19,3,55,22,0.573,28.8,2.46,2.6,17.9,80.7,28.8,52.5,121.5958333,118,125,2.43,2.57,48.6,1380,1298,28.4,26.7,51.5,1874,1809,38.5,37.2,50.9,2509,2423,51.6,49.8,50.9,8.55,90.37,98.9,33.9,33.7,32.4,-7,4.538461538,6.210526316,4.807692308,6.578947368,24,21,22,19
2013,Edmonton Oilers,2013Edmonton Oilers,Regular,24,24,48,19,22,7,45,17,0.469,26.8,2.56,2.73,19.5,83.4,26.8,46.1,121.8208333,123,131,2.52,2.69,48.4,1283,1574,26.3,32.3,44.9,1765,2191,36.2,45,44.6,2341,2945,48,60.4,44.3,9.59,91.68,101.3,32.5,35.2,32.3,-8,6.473684211,5.590909091,6.894736842,5.954545455,29,30,30,21
2013,Dallas Stars,2013Dallas Stars,Regular,21,21,48,22,22,4,48,20,0.5,26.3,2.67,2.94,16.9,81,26.3,47.2,121.0875,128,140,2.64,2.89,47.8,1260,1488,26,30.7,45.9,1838,2118,37.9,43.7,46.5,2575,2789,53.2,57.6,48,10.16,90.59,100.8,31.8,36.1,32.1,-12,5.818181818,5.818181818,6.363636364,6.363636364,18,17,18,22
2013,Winnipeg Jets,2013Winnipeg Jets,Regular,18,18,48,24,21,3,51,22,0.531,28.9,2.63,2.94,13.8,79.7,28.9,48.9,121.5395833,126,140,2.59,2.88,47.4,1389,1422,28.6,29.2,49.4,1997,2005,41.1,41.2,49.9,2740,2718,56.4,55.9,50.2,9.07,90.15,99.2,32.8,33.1,34.1,-14,5.25,6,5.833333333,6.666666667,21,25,23,27
2013,New Jersey Devils,2013New Jersey Devils,Regular,21,21,48,19,19,10,48,17,0.5,28.4,2.29,2.54,15.9,81.1,28.4,48.2,122.3729167,108,122,2.21,2.49,47,1360,1107,27.8,22.6,55.1,1918,1484,39.2,30.3,56.4,2563,1999,52.4,40.8,56.2,7.94,88.98,96.9,33.7,30.4,35.9,-14,5.684210526,5.684210526,6.421052632,6.421052632,2,23,16,9
2013,Buffalo Sabres,2013Buffalo Sabres,Regular,21,21,48,21,21,6,48,14,0.5,27.9,2.46,2.9,14.1,79.2,27.9,46.2,122.7548611,118,139,2.4,2.83,45.9,1339,1605,27.3,32.7,45.5,1799,2218,36.6,45.2,44.8,2405,2936,49,59.8,45,8.81,91.34,100.2,32.5,34.7,32.8,-21,5.619047619,5.619047619,6.619047619,6.619047619,18,9,11,17
2013,Nashville Predators,2013Nashville Predators,Regular,27,27,48,16,23,9,41,14,0.427,25.9,2.27,2.77,16.4,75.5,25.9,49.7,122.0069444,108,131,2.21,2.68,45.2,1243,1333,25.5,27.3,48.3,1706,1874,35,38.4,47.7,2282,2577,46.8,52.8,47,8.69,90.17,98.9,30.8,37.3,31.8,-23,6.75,4.695652174,8.1875,5.695652174,6,6,14,20
2013,Calgary Flames,2013Calgary Flames,Regular,25,25,48,19,25,4,42,19,0.438,26.9,2.67,3.27,18.7,81.5,26.9,46.6,120.8743056,128,157,2.65,3.25,44.9,1292,1412,26.7,29.2,47.8,1810,1977,37.4,40.9,47.8,2439,2676,50.4,55.3,47.7,9.91,88.88,98.8,31,37.1,31.9,-29,6.736842105,5.12,8.263157895,6.28,17,17,17,11
2013,Carolina Hurricanes,2013Carolina Hurricanes,Regular,25,25,48,19,25,4,42,18,0.438,32.2,2.65,3.31,13.9,77.6,32.2,50.2,120.7118056,127,159,2.63,3.29,44.4,1544,1547,32,32,50,2186,2159,45.3,44.7,50.3,2975,2825,61.6,58.5,51.3,8.23,89.72,97.9,35.8,32.3,31.9,-32,6.684210526,5.08,8.368421053,6.36,23,19,24,4
2013,Colorado Avalanche,2013Colorado Avalanche,Regular,29,29,48,16,25,7,39,14,0.406,29.5,2.38,3.13,15,80.3,29.5,51.1,122.1027778,114,150,2.33,3.07,43.2,1416,1507,29,30.9,48.4,1924,2099,39.4,43,47.8,2584,2882,52.9,59,47.3,8.05,90.05,98.1,33.2,34.3,32.5,-36,7.125,4.56,9.375,6,20,29,12,28
2013,Florida Panthers,2013Florida Panthers,Regular,30,30,48,15,27,6,36,12,0.375,29.2,2.27,3.54,20.4,74.2,29.2,49.4,121.4465278,107,170,2.2,3.5,38.6,1398,1502,28.8,30.9,48.2,1903,2045,39.2,42.1,48.2,2509,2650,51.6,54.6,48.6,7.65,88.68,96.3,35.3,29.8,34.9,-63,7.133333333,3.962962963,11.33333333,6.296296296,10,28,28,17
2012,St. Louis Blues,2012St. Louis Blues,Regular,2,8,82,49,22,11,109,45,0.665,30.6,2.51,1.89,16.7,85.8,30.6,50.4,208.4173611,204,155,2.45,1.86,56.8,2510,2190,30.1,26.3,53.4,3575,3072,42.9,36.8,53.8,4718,4192,56.6,50.3,53,8.13,92.92,101,34.2,31.9,33.9,49,4.163265306,9.272727273,3.163265306,7.045454545,20,17,16,26
2012,Boston Bruins,2012Boston Bruins,Regular,7,9,82,49,29,4,102,40,0.622,32.4,3.17,2.43,17.2,83.5,32.4,54.5,207.8701389,259,199,3.11,2.39,56.6,2651,2440,31.9,29.3,52.1,3661,3280,44,39.4,52.7,4963,4334,59.7,52.1,53.4,9.77,91.84,101.6,33.7,32,34.3,60,5.285714286,8.931034483,4.06122449,6.862068966,1,5,6,9
2012,Vancouver Canucks,2012Vancouver Canucks,Regular,1,16,82,51,22,9,111,43,0.677,31.5,2.94,2.33,19.8,86,31.5,52.2,209.2465278,241,190,2.88,2.27,55.9,2582,2523,30.8,30.1,50.6,3571,3295,42.7,39.4,52,4873,4314,58.2,51.5,53,9.33,92.47,101.8,34.2,33.1,32.7,51,4.725490196,10.95454545,3.725490196,8.636363636,2,7,8,19
2012,Pittsburgh Penguins,2012Pittsburgh Penguins,Regular,4,13,82,51,25,6,108,42,0.659,33.9,3.33,2.66,19.4,87.8,33.9,50.4,208.05625,272,216,3.27,2.6,55.7,2772,2244,33.3,27,55.3,3860,3116,46.4,37.4,55.3,5154,4181,61.9,50.2,55.2,9.81,90.37,100.2,35.2,29.6,35.2,56,5.333333333,10.88,4.235294118,8.64,12,6,1,2
2012,New York Rangers,2012New York Rangers,Regular,2,3,82,51,24,7,109,47,0.665,28.5,2.71,2.22,15.7,86.2,28.5,49.9,208.2027778,222,181,2.67,2.17,55.1,2338,2277,28.1,27.3,50.7,3224,3222,38.7,38.7,50,4246,4560,51,54.8,48.2,9.5,92.05,101.5,32.2,33.8,34,41,4.352941176,9.25,3.549019608,7.541666667,15,21,10,7
2012,Detroit Red Wings,2012Detroit Red Wings,Regular,7,14,82,48,28,6,102,39,0.622,32.2,2.91,2.44,16.1,81.8,32.2,51.6,208.2916667,239,198,2.87,2.38,54.7,2638,2208,31.7,26.5,54.4,3635,3028,43.6,36.3,54.6,4786,4000,57.4,48,54.5,9.06,91.03,100.1,37.2,30.3,32.6,41,4.979166667,8.535714286,4.125,7.071428571,5,8,2,1
2012,Philadelphia Flyers,2012Philadelphia Flyers,Regular,6,7,82,47,26,9,103,43,0.628,32.2,3.17,2.74,19.7,81.8,32.2,48.3,208.3777778,258,223,3.1,2.68,53.6,2637,2324,31.6,27.9,53.2,3638,3297,43.6,39.6,52.5,4879,4505,58.5,54,52,9.78,90.4,100.2,34.3,31.7,34,35,5.489361702,9.923076923,4.744680851,8.576923077,7,2,12,4
2012,Nashville Predators,2012Nashville Predators,Regular,5,6,82,48,26,8,104,43,0.634,27.6,2.83,2.5,20.4,83.6,27.6,49,207.6090278,231,205,2.78,2.47,53,2259,2524,27.2,30.4,47.2,3062,3496,36.9,42.1,46.7,4024,4709,48.5,56.7,46.1,10.23,91.88,102.1,31.2,35.8,33,26,4.8125,8.884615385,4.270833333,7.884615385,6,14,20,14
2012,Los Angeles Kings,2012Los Angeles Kings,Regular,13,1,82,40,27,15,95,34,0.579,30.6,2.29,2.07,16.9,87,30.6,51.5,209.1013889,187,170,2.24,2.03,52.4,2506,2247,30,26.9,52.7,3628,3273,43.4,39.1,52.6,4878,4242,58.3,50.7,53.5,7.46,92.43,99.9,34,33.8,32.2,17,4.675,6.925925926,4.25,6.296296296,14,13,25,29
2012,Arizona Coyotes,2012Arizona Coyotes,Regular,11,4,82,42,27,13,97,36,0.591,29.6,2.56,2.37,13.5,85.5,29.6,50.1,208.8263889,209,193,2.5,2.31,52,2427,2590,29.1,31,48.4,3438,3646,41.2,43.6,48.5,4605,4717,55.1,56.5,49.4,8.61,92.55,101.2,32.7,33.5,33.9,16,4.976190476,7.740740741,4.595238095,7.148148148,16,9,25,23
2012,San Jose Sharks,2012San Jose Sharks,Regular,12,15,82,43,29,10,96,34,0.585,33.8,2.67,2.5,20.7,76.9,33.8,53.3,209.0791667,219,204,2.62,2.44,51.8,2773,2342,33.2,28,54.2,3854,3259,46.1,39,54.2,5162,4586,61.7,54.8,53,7.9,91.29,99.2,35.6,32.1,32.3,15,5.093023256,7.551724138,4.744186047,7.034482759,4,4,13,5
2012,New Jersey Devils,2012New Jersey Devils,Regular,7,2,82,48,28,6,102,36,0.622,27.5,2.63,2.5,16.9,89.6,27.5,47.1,208.7895833,214,204,2.56,2.44,51.2,2247,2194,26.9,26.3,50.6,3009,2904,36,34.8,50.9,3940,3832,47.2,45.9,50.7,9.52,90.7,100.2,32.7,31.7,35.6,10,4.458333333,7.642857143,4.25,7.285714286,23,16,9,15
2012,Chicago Blackhawks,2012Chicago Blackhawks,Regular,10,12,82,45,26,11,101,38,0.616,31.5,2.94,2.82,15.2,78.1,31.5,50.5,208.9486111,239,231,2.86,2.76,50.9,2578,2341,30.8,28,52.4,3499,3198,41.9,38.3,52.2,4687,4227,56.1,50.6,52.6,9.27,90.13,99.4,35.4,29.6,35.1,8,5.311111111,9.192307692,5.133333333,8.884615385,10,1,3,19
2012,Ottawa Senators,2012Ottawa Senators,Regular,15,11,82,41,31,10,92,35,0.561,31.4,2.96,2.88,18.5,81.6,31.4,50.1,208.1368056,243,235,2.92,2.82,50.8,2572,2625,30.9,31.5,49.5,3605,3559,43.3,42.7,50.3,4949,4637,59.4,55.7,51.6,9.45,91.05,100.5,34.1,31.2,34.7,8,5.926829268,7.838709677,5.731707317,7.580645161,26,15,22,16
2012,Montréal Canadiens,2012Montréal Canadiens,Regular,28,28,82,31,35,16,78,26,0.476,28.5,2.52,2.61,14.3,88.6,28.5,48.3,208.9979167,206,213,2.46,2.55,49.2,2339,2426,28,29,49.1,3240,3388,38.8,40.5,48.9,4473,4729,53.5,56.6,48.6,8.81,91.22,100,32.3,33.7,34,-7,6.64516129,5.885714286,6.870967742,6.085714286,11,3,15,6
2012,Washington Capitals,2012Washington Capitals,Regular,15,5,82,42,32,8,92,38,0.561,28,2.66,2.76,16.7,81.6,28,50,207.6333333,215,225,2.59,2.71,48.9,2292,2472,27.6,29.8,48.1,3225,3433,38.8,41.3,48.4,4376,4733,52.7,57,48,9.38,90.9,100.3,31.1,34.9,34,-10,5.119047619,6.71875,5.357142857,7.03125,8,10,7,11
2012,Buffalo Sabres,2012Buffalo Sabres,Regular,18,18,82,39,32,11,89,32,0.543,29.2,2.57,2.72,16.7,81.7,29.2,49.5,208.6888889,211,221,2.53,2.65,48.8,2393,2569,28.7,30.8,48.2,3283,3540,39.3,42.4,48.1,4440,4615,53.2,55.3,49,8.82,91.4,100.2,33.5,32.5,34,-10,5.41025641,6.59375,5.666666667,6.90625,9,11,17,18
2012,Dallas Stars,2012Dallas Stars,Regular,18,18,82,42,35,5,89,35,0.543,28.2,2.49,2.66,13.5,82.8,28.2,49.1,207.8256944,204,216,2.45,2.6,48.6,2314,2525,27.8,30.4,47.8,3319,3516,39.9,42.3,48.6,4473,4778,53.8,57.5,48.4,8.82,91.45,100.3,31.3,36,32.7,-12,4.857142857,5.828571429,5.142857143,6.171428571,17,18,22,3
2012,Winnipeg Jets,2012Winnipeg Jets,Regular,21,21,82,37,35,10,84,33,0.512,30.1,2.7,2.95,17.9,80.1,30.1,49,207.7048611,221,239,2.66,2.88,48,2470,2466,29.7,29.7,50,3534,3488,42.5,42,50.3,4634,4685,55.8,56.4,49.7,8.95,90.31,99.3,33,33.4,33.7,-18,5.972972973,6.314285714,6.459459459,6.828571429,25,23,27,28
2012,Colorado Avalanche,2012Colorado Avalanche,Regular,20,20,82,41,35,6,88,32,0.537,31.5,2.43,2.66,17.5,83,31.5,51.6,208.5305556,199,217,2.39,2.6,47.8,2584,2423,31,29,51.6,3457,3402,41.4,40.8,50.4,4683,4512,56.1,54.1,50.9,7.7,91.04,98.7,33,33.2,33.8,-18,4.853658537,5.685714286,5.292682927,6.2,29,12,28,8
2012,Florida Panthers,2012Florida Panthers,Regular,14,10,82,38,26,18,94,32,0.573,29.7,2.4,2.63,18.5,79.5,29.7,50.6,209.4090278,197,215,2.35,2.57,47.8,2430,2504,29,29.9,49.3,3347,3390,40,40.5,49.7,4440,4432,53,52.9,50,8.11,91.41,99.5,32.8,31.9,35.3,-18,5.184210526,7.576923077,5.657894737,8.269230769,28,28,17,22
2012,Calgary Flames,2012Calgary Flames,Regular,17,17,82,37,29,16,90,34,0.549,27.5,2.43,2.65,16.9,84.3,27.5,46.2,208.6701389,197,216,2.36,2.59,47.7,2257,2528,27,30.3,47.2,3081,3550,36.9,42.5,46.5,4201,4708,50.3,56.4,47.2,8.73,91.46,100.2,32.1,34.1,33.9,-19,5.324324324,6.793103448,5.837837838,7.448275862,17,17,11,10
2012,Edmonton Oilers,2012Edmonton Oilers,Regular,29,29,82,32,40,10,74,27,0.451,26.7,2.52,2.83,20.6,82.4,26.7,47.7,207.7027778,207,230,2.49,2.77,47.4,2184,2511,26.3,30.2,46.5,3059,3488,36.8,42,46.7,4088,4727,49.2,56.9,46.4,9.48,90.84,100.3,32.3,33.1,34.6,-23,6.46875,5.175,7.1875,5.75,30,30,21,19
2012,Anaheim Ducks,2012Anaheim Ducks,Regular,25,25,82,34,36,12,80,31,0.488,27.9,2.45,2.73,16.2,82,27.9,47.4,207.6777778,199,223,2.4,2.68,47.2,2290,2362,27.6,28.4,49.2,3302,3409,39.7,41,49.2,4400,4584,53,55.2,49,8.69,90.56,99.2,31.9,32.3,35.8,-24,5.852941176,5.527777778,6.558823529,6.194444444,13,17,5,12
2012,Carolina Hurricanes,2012Carolina Hurricanes,Regular,23,23,82,33,33,16,82,32,0.5,30.5,2.59,2.89,16.3,80.5,30.5,50.7,207.8041667,210,236,2.53,2.84,47.1,2493,2651,30,31.9,48.5,3509,3734,42.2,44.9,48.4,4741,4973,57,59.8,48.8,8.42,91.1,99.5,33.3,33.6,33.1,-26,6.363636364,6.363636364,7.151515152,7.151515152,19,24,4,17
2012,Toronto Maple Leafs,2012Toronto Maple Leafs,Regular,25,25,82,35,37,10,80,31,0.488,28.3,2.77,3.16,18.4,77.3,28.3,51.7,207.7777778,225,258,2.71,3.1,46.6,2320,2527,27.9,30.4,47.9,3311,3597,39.8,43.3,47.9,4614,4820,55.5,58,48.9,9.7,89.79,99.5,32.8,32.7,34.4,-33,6.428571429,6.081081081,7.371428571,6.972972973,22,29,24,23
2012,Tampa Bay Lightning,2012Tampa Bay Lightning,Regular,21,21,82,38,36,8,84,35,0.512,27.2,2.83,3.39,15.2,79.2,27.2,48.6,207.8513889,232,278,2.79,3.34,45.5,2224,2501,26.7,30.1,47.1,3082,3515,37.1,42.3,46.7,4163,4793,50.1,57.6,46.5,10.43,88.88,99.3,29.3,34.5,36.3,-46,6.105263158,6.444444444,7.315789474,7.722222222,3,24,29,29
2012,New York Islanders,2012New York Islanders,Regular,27,27,82,34,37,11,79,27,0.482,29.4,2.39,3.06,18.5,80.5,29.4,48,208.3180556,195,251,2.34,3.01,43.7,2407,2468,28.9,29.6,49.4,3257,3454,39.1,41.5,48.5,4402,4818,52.8,57.8,47.7,8.1,89.83,97.9,33.2,32.9,33.9,-56,5.735294118,5.27027027,7.382352941,6.783783784,27,26,30,26
2012,Columbus Blue Jackets,2012Columbus Blue Jackets,Regular,30,30,82,29,46,7,65,25,0.396,29.9,2.41,3.13,15.1,76.6,29.9,50.9,207.2395833,197,257,2.38,3.1,43.4,2453,2537,29.6,30.6,49.2,3294,3348,39.7,40.4,49.6,4325,4402,52.2,53.1,49.6,8.03,89.87,97.9,32.2,34.3,33.5,-60,6.793103448,4.282608696,8.862068966,5.586956522,23,26,14,25
2012,Minnesota Wild,2012Minnesota Wild,Regular,24,24,82,35,36,11,81,24,0.494,26.5,2.02,2.65,15.1,82.1,26.5,51.2,209.5118056,164,217,1.96,2.59,43,2169,2570,25.9,30.7,45.8,3006,3668,35.9,43.8,45,4042,5014,48.2,59.8,44.6,7.56,91.56,99.1,30.5,38,31.5,-53,4.685714286,4.555555556,6.2,6.027777778,21,22,19,13
2011,Vancouver Canucks,2011Vancouver Canucks,Regular,1,2,82,54,19,9,117,50,0.713,32,3.15,2.2,24.3,85.6,32,54.9,207.6520833,256,180,3.08,2.17,58.7,2621,2467,31.6,29.7,51.5,3642,3360,43.8,40.5,52,4896,4431,58.9,53.3,52.5,9.77,92.7,102.5,34.6,33.2,32.2,76,4.740740741,13.47368421,3.333333333,9.473684211,7,8,19,0
2011,Boston Bruins,2011Boston Bruins,Regular,7,1,82,46,25,11,103,44,0.628,32.9,2.98,2.3,16.2,82.6,32.9,51.9,207.4770833,243,187,2.93,2.25,56.5,2694,2679,32.5,32.3,50.1,3642,3615,43.9,43.6,50.2,4921,4787,59.3,57.7,50.7,9.02,93.02,102,31.7,33.8,34.5,56,5.282608696,9.72,4.065217391,7.48,5,6,9,0
2011,Philadelphia Flyers,2011Philadelphia Flyers,Regular,3,7,82,47,23,12,106,44,0.646,31.8,3.12,2.63,16.6,82.7,31.8,50.3,207.6493056,255,214,3.07,2.58,54.4,2594,2468,31.2,29.7,51.2,3543,3482,42.7,41.9,50.4,4750,4798,57.2,57.8,49.7,9.83,91.33,101.2,31.8,33.5,34.7,41,5.425531915,11.08695652,4.553191489,9.304347826,2,12,4,0
2011,San Jose Sharks,2011San Jose Sharks,Regular,5,4,82,48,25,9,105,43,0.64,34.5,2.96,2.54,23.5,79.6,34.5,53.7,208.2743056,243,207,2.92,2.48,54,2832,2368,34,28.4,54.5,3927,3278,47.1,39.3,54.5,5250,4419,63,53,54.3,8.58,91.26,99.8,34.5,33.3,32.2,36,5.0625,9.72,4.3125,8.28,4,13,5,0
2011,Pittsburgh Penguins,2011Pittsburgh Penguins,Regular,3,12,82,49,25,8,106,39,0.646,31.5,2.78,2.39,15.8,86.1,31.5,49.2,209.0027778,227,195,2.72,2.33,53.8,2578,2348,30.8,28.1,52.3,3548,3222,42.4,38.5,52.4,4836,4304,57.8,51.5,52.9,8.81,91.7,100.5,33.9,31.5,34.6,32,4.632653061,9.08,3.979591837,7.8,6,1,2,0
2011,New York Rangers,2011New York Rangers,Regular,18,15,82,44,33,5,93,35,0.567,29.9,2.73,2.38,16.9,83.7,29.9,47.7,207.9194444,223,195,2.68,2.34,53.3,2449,2408,29.4,29,50.4,3389,3302,40.7,39.7,50.7,4468,4603,53.7,55.3,49.3,9.11,91.9,101,33.7,32,34.2,28,5.068181818,6.757575758,4.431818182,5.909090909,21,10,7,0
2011,Chicago Blackhawks,2011Chicago Blackhawks,Regular,13,10,82,44,29,9,97,38,0.591,32.2,3.07,2.68,22.4,79.2,32.2,50.8,208.2770833,251,220,3.01,2.64,53.3,2631,2352,31.6,28.2,52.8,3557,3179,42.7,38.2,52.8,4719,4323,56.6,51.9,52.2,9.54,90.65,100.2,35.3,30.4,34.3,31,5.704545455,8.655172414,5,7.586206897,1,3,19,0
2011,Washington Capitals,2011Washington Capitals,Regular,2,8,81,48,23,11,107,43,0.652,31.3,2.67,2.33,17.5,85.6,31.3,51.7,206.2548611,214,189,2.59,2.29,53.1,2530,2342,30.7,28.4,51.9,3502,3270,42.4,39.6,51.7,4794,4511,58.1,54.7,51.5,8.46,91.93,100.4,33.2,32.9,33.9,25,4.458333333,9.304347826,3.9375,8.217391304,10,7,11,0
2011,Nashville Predators,2011Nashville Predators,Regular,9,6,82,44,27,11,99,38,0.604,28.8,2.6,2.32,14.9,84.9,28.8,50.2,208.0868056,213,189,2.56,2.27,53,2361,2508,28.4,30.1,48.5,3201,3425,38.5,41.1,48.3,4279,4432,51.4,53.2,49.1,9.02,92.46,101.5,32.2,36,31.7,24,4.840909091,7.888888889,4.295454545,7,14,20,14,0
2011,Detroit Red Wings,2011Detroit Red Wings,Regular,6,5,82,47,25,10,104,43,0.634,33.6,3.13,2.89,22.6,82.3,33.6,51.9,208.5229167,257,235,3.08,2.82,52.2,2757,2511,33.1,30.1,52.3,3871,3424,46.4,41.1,53.1,5001,4341,60,52,53.5,9.32,90.64,100,34.8,32.8,32.4,22,5.468085106,10.28,5,9.4,8,2,1,0
2011,Los Angeles Kings,2011Los Angeles Kings,Regular,12,14,82,46,30,6,98,36,0.598,28.8,2.55,2.39,15.8,85.5,28.8,51.1,208.0729167,208,196,2.5,2.35,51.5,2360,2288,28.4,27.5,50.8,3441,3254,41.3,39.1,51.4,4650,4286,55.9,51.5,52,8.81,91.43,100.2,34.3,33.3,32.4,12,4.52173913,6.933333333,4.260869565,6.533333333,13,25,29,0
2011,Calgary Flames,2011Calgary Flames,Regular,17,17,82,41,29,12,94,32,0.573,30.5,2.94,2.8,18.9,81.2,30.5,48.1,209.0854167,240,228,2.87,2.73,51.3,2499,2332,29.9,27.9,51.7,3545,3251,42.4,38.9,52.2,4738,4460,56.7,53.3,51.5,9.6,90.22,99.8,34.7,30.6,34.6,12,5.853658537,8.275862069,5.56097561,7.862068966,17,11,10,0
2011,Buffalo Sabres,2011Buffalo Sabres,Regular,14,9,82,43,29,10,96,38,0.585,32.8,2.93,2.78,19.4,83,32.8,47.7,208.26875,240,228,2.88,2.74,51.3,2689,2512,32.3,30.2,51.7,3566,3520,42.8,42.3,50.3,4687,4688,56.3,56.3,50,8.93,90.92,99.8,34.6,32,33.4,12,5.581395349,8.275862069,5.302325581,7.862068966,11,17,18,0
2011,Montréal Canadiens,2011Montréal Canadiens,Regular,14,11,82,44,30,8,96,41,0.585,31.7,2.6,2.51,19.6,84.4,31.7,49,207.2236111,212,203,2.56,2.45,51.1,2599,2533,31.4,30.6,50.6,3611,3459,43.6,41.7,51.1,4846,4731,58.5,57.1,50.6,8.16,91.99,100.1,32.9,33.2,33.9,9,4.818181818,7.066666667,4.613636364,6.766666667,3,15,6,0
2011,St. Louis Blues,2011St. Louis Blues,Regular,20,20,82,38,33,11,87,34,0.53,30.2,2.88,2.78,18.3,81.7,30.2,47.3,207.8243056,235,228,2.83,2.74,50.8,2474,2275,29.8,27.4,52.1,3517,3188,42.3,38.3,52.5,4674,4287,56.2,51.6,52.2,9.5,89.98,99.5,34.4,31.4,34.2,7,6.184210526,7.121212121,6,6.909090909,17,16,26,0
2011,Arizona Coyotes,2011Arizona Coyotes,Regular,9,16,82,43,26,13,99,38,0.604,30.3,2.76,2.68,15.9,78.4,30.3,51.5,208.1263889,226,220,2.71,2.64,50.7,2485,2667,29.8,32,48.2,3517,3764,42.2,45.2,48.3,4657,4820,55.9,57.9,49.1,9.09,91.75,100.8,32.1,35.8,32.1,6,5.255813953,8.692307692,5.11627907,8.461538462,9,25,23,0
2011,Tampa Bay Lightning,2011Tampa Bay Lightning,Regular,7,3,82,46,25,11,103,40,0.628,31.8,2.94,2.85,20.5,83.8,31.8,50.4,208.8034722,238,232,2.85,2.78,50.6,2599,2348,31.1,28.1,52.5,3587,3286,42.9,39.3,52.2,4730,4533,56.6,54.3,51.1,9.16,90.12,99.3,30.2,33.6,36.2,6,5.173913043,9.52,5.043478261,9.28,24,29,29,0
2011,Carolina Hurricanes,2011Carolina Hurricanes,Regular,19,19,81,40,31,11,91,35,0.555,30.7,2.82,2.85,15.6,81.3,30.7,44.6,205.6888889,231,231,2.81,2.81,50,2487,2691,30.2,32.7,48,3516,3827,42.7,46.5,47.9,4873,5010,59.2,60.9,49.3,9.29,91.42,100.7,33.4,33,33.5,0,5.775,7.451612903,5.775,7.451612903,24,4,17,0
2011,Anaheim Ducks,2011Anaheim Ducks,Regular,9,13,82,47,30,5,99,43,0.604,28.5,2.87,2.84,23.9,81.3,28.5,47.7,207.9951389,231,233,2.78,2.8,49.8,2328,2646,28,31.8,46.8,3213,3789,38.6,45.5,45.9,4087,5037,49.1,60.5,44.8,9.92,91.19,101.1,32.6,32.6,34.8,-2,4.914893617,7.7,4.957446809,7.766666667,17,5,12,0
2011,Dallas Stars,2011Dallas Stars,Regular,16,17,82,42,29,11,95,37,0.579,27.7,2.71,2.76,18.3,80.1,27.7,50,208.3104167,221,226,2.65,2.71,49.4,2265,2500,27.2,30,47.5,3328,3482,39.9,41.8,48.9,4435,4685,53.2,56.2,48.6,9.76,90.96,100.7,33.6,34.3,32.1,-5,5.261904762,7.620689655,5.380952381,7.793103448,18,22,3,0
2011,Minnesota Wild,2011Minnesota Wild,Regular,21,21,82,39,35,8,86,36,0.524,26.2,2.48,2.78,17.8,82.8,26.2,50.7,207.7083333,202,227,2.43,2.73,47.1,2147,2624,25.8,31.6,45,3010,3634,36.2,43.7,45.3,4007,4763,48.2,57.3,45.7,9.41,91.35,100.8,30.1,36.9,33,-25,5.179487179,5.771428571,5.820512821,6.485714286,22,19,13,0
2011,Toronto Maple Leafs,2011Toronto Maple Leafs,Regular,22,22,82,37,34,11,85,32,0.518,28.8,2.6,2.99,15.9,77.5,28.8,50.4,208.1090278,213,243,2.56,2.92,46.7,2358,2536,28.3,30.5,48.2,3365,3625,40.4,43.5,48.1,4718,4948,56.7,59.4,48.8,9.03,90.42,99.5,33.5,33.4,33.1,-30,5.756756757,6.264705882,6.567567568,7.147058824,29,24,23,0
2011,New York Islanders,2011New York Islanders,Regular,27,27,82,30,39,13,73,26,0.445,29.4,2.74,3.15,16.9,83.2,29.4,50.1,208.8798611,223,257,2.67,3.08,46.5,2405,2616,28.8,31.3,47.9,3306,3712,39.6,44.4,47.1,4509,5099,54,61,46.9,9.27,90.18,99.4,31.1,35.7,33.2,-34,7.433333333,5.717948718,8.566666667,6.58974359,26,30,26,0
2011,Florida Panthers,2011Florida Panthers,Regular,28,28,82,30,40,12,72,26,0.439,30.4,2.33,2.71,13.1,84.6,30.4,51.9,208.475,189,221,2.27,2.65,46.1,2489,2608,29.8,31.3,48.8,3436,3607,41.2,43.3,48.8,4603,4732,55.2,56.7,49.3,7.59,91.53,99.1,32.3,34.6,33.2,-32,6.3,4.725,7.366666667,5.525,28,17,22,0
2011,Columbus Blue Jackets,2011Columbus Blue Jackets,Regular,23,23,82,34,35,13,81,29,0.494,30.6,2.56,3.05,13.9,80.3,30.6,51.2,208.8145833,210,250,2.51,2.99,45.7,2501,2446,29.9,29.3,50.6,3455,3309,41.4,39.6,51.1,4608,4423,55.2,53,51,8.4,89.78,98.2,34.1,32.1,33.8,-40,6.176470588,6,7.352941176,7.142857143,26,14,25,0
2011,Winnipeg Jets,2011Winnipeg Jets,Regular,25,25,82,34,36,12,80,29,0.488,31.5,2.66,3.2,18.3,77.5,31.5,48.7,208.80625,217,259,2.6,3.1,45.6,2578,2632,30.9,31.5,49.5,3528,3551,42.2,42.5,49.8,4652,4842,55.7,58,49,8.42,90.16,98.6,34.1,31.8,34.1,-42,6.382352941,6.027777778,7.617647059,7.194444444,23,27,28,0
2011,New Jersey Devils,2011New Jersey Devils,Regular,23,23,82,38,39,5,81,35,0.494,28.6,2.09,2.52,13.9,83.4,28.6,51.2,207.2375,170,205,2.05,2.47,45.3,2342,2145,28.3,25.9,52.2,3176,2880,38.3,34.7,52.4,4146,3755,50,45.3,52.5,7.26,90.44,97.7,34.2,30.9,34.9,-35,4.473684211,4.358974359,5.394736842,5.256410256,16,9,15,0
2011,Colorado Avalanche,2011Colorado Avalanche,Regular,29,29,82,30,44,8,68,24,0.415,29.2,2.7,3.5,18.5,76.1,29.2,50.6,207.8222222,221,285,2.66,3.43,43.7,2393,2604,28.8,31.3,47.9,3244,3634,39,43.7,47.2,4253,4808,51.2,57.8,46.9,9.24,89.06,98.3,32.1,34.3,33.6,-64,7.366666667,5.022727273,9.5,6.477272727,12,28,8,0
2011,Ottawa Senators,2011Ottawa Senators,Regular,26,26,82,32,40,10,74,30,0.451,29,2.32,2.99,17.1,83.7,29,50.8,207.1680556,188,245,2.27,2.96,43.4,2378,2559,28.7,30.9,48.2,3270,3511,39.5,42.4,48.2,4377,4626,52.8,55.8,48.6,7.91,90.43,98.3,33.1,32.2,34.7,-57,5.875,4.7,7.65625,6.125,15,22,16,0
2011,Edmonton Oilers,2011Edmonton Oilers,Regular,30,30,82,25,45,12,62,23,0.378,26.7,2.33,3.17,14.5,76.9,26.7,44.2,207.8159722,191,260,2.3,3.13,42.4,2184,2594,26.3,31.2,45.7,3022,3635,36.4,43.7,45.4,4172,4854,50.2,58.4,46.2,8.75,89.98,98.7,32.3,33.2,34.5,-69,7.64,4.244444444,10.4,5.777777778,30,21,19,0
2010,Washington Capitals,2010Washington Capitals,Regular,1,10,82,54,15,13,121,49,0.738,32.8,3.82,2.77,25.2,78.8,32.8,51.5,208.6277778,312,225,3.74,2.7,58.1,2689,2529,32.2,30.3,51.5,3762,3510,45.1,42.1,51.7,5192,4663,62.2,55.9,52.7,11.6,91.1,102.7,33,31.6,35.4,87,5.777777778,20.8,4.166666667,15,7,11,0,0
2010,Chicago Blackhawks,2010Chicago Blackhawks,Regular,3,1,82,52,22,8,112,43,0.683,34.1,3.2,2.48,18,85.3,34.1,52.4,208.7909722,262,201,3.14,2.41,56.6,2793,2054,33.4,24.6,57.6,3775,2795,45.2,33.5,57.5,4973,3862,59.5,46.2,56.3,9.38,90.21,99.6,36.4,29.3,34.3,61,5.038461538,11.90909091,3.865384615,9.136363636,3,19,0,0
2010,Vancouver Canucks,2010Vancouver Canucks,Regular,5,7,82,49,28,5,103,45,0.628,30.9,3.27,2.66,21.2,81.6,30.9,51.4,206.9618056,268,218,3.24,2.63,55.1,2529,2418,30.5,29.2,51.1,3556,3327,43,40.2,51.7,4660,4317,56.3,52.1,51.9,10.6,90.98,101.6,33.9,33.8,32.4,50,5.469387755,9.571428571,4.448979592,7.785714286,8,19,0,0
2010,San Jose Sharks,2010San Jose Sharks,Regular,2,4,82,51,20,11,113,44,0.689,31.7,3.13,2.55,20.7,85,31.7,55.6,208.2597222,254,209,3.05,2.51,54.9,2600,2570,31.2,30.9,50.3,3653,3570,43.9,42.9,50.6,4862,4632,58.4,55.6,51.2,9.77,91.87,101.6,32.9,34,33.1,45,4.980392157,12.7,4.098039216,10.45,13,5,0,0
2010,New Jersey Devils,2010New Jersey Devils,Regular,5,16,81,48,27,7,103,42,0.628,30,2.63,2.27,18.7,82.8,30,49.4,205.3673611,214,182,2.61,2.22,54,2421,2198,29.5,26.8,52.4,3230,2939,39.3,35.8,52.4,4160,3895,50.6,47.4,51.6,8.84,91.72,100.6,35.1,29.1,35.8,32,4.458333333,7.925925926,3.791666667,6.740740741,9,15,0,0
2010,Buffalo Sabres,2010Buffalo Sabres,Regular,10,11,82,45,27,10,100,41,0.61,31.6,2.82,2.45,17.6,86.6,31.6,48.6,207.8548611,228,201,2.74,2.42,53.1,2583,2567,31.1,30.9,50.2,3487,3536,41.9,42.5,49.7,4558,4531,54.8,54.5,50.1,8.83,92.17,101,34.3,32.1,33.6,27,5.066666667,8.444444444,4.466666667,7.444444444,17,18,0,0
2010,Los Angeles Kings,2010Los Angeles Kings,Regular,8,13,82,46,27,9,101,36,0.616,29.1,2.82,2.57,20.5,80.3,29.1,50.6,209.0340278,230,211,2.75,2.52,52.2,2387,2259,28.5,27,51.4,3402,3274,40.7,39.2,51,4390,4264,52.5,51,50.7,9.64,90.66,100.3,34.1,32.3,33.6,19,5,8.518518519,4.586956522,7.814814815,25,29,0,0
2010,Detroit Red Wings,2010Detroit Red Wings,Regular,7,8,82,44,24,14,102,38,0.622,33.4,2.72,2.52,18.9,83.9,33.4,51.1,208.9326389,223,207,2.67,2.48,51.9,2736,2411,32.7,28.8,53.2,3827,3246,45.8,38.8,54.1,5012,4160,60,49.8,54.6,8.15,91.41,99.6,36.8,30.9,32.3,16,5.068181818,9.291666667,4.704545455,8.625,2,1,0,0
2010,Pittsburgh Penguins,2010Pittsburgh Penguins,Regular,8,6,82,47,28,7,101,39,0.616,32.8,3.04,2.87,16.9,84.1,32.8,49.3,208.2472222,249,234,2.99,2.81,51.6,2689,2346,32.3,28.2,53.4,3743,3335,44.9,40,52.9,4930,4517,59.2,54.2,52.2,9.26,90.03,99.3,34.4,30.5,35.1,15,5.29787234,8.892857143,4.978723404,8.357142857,1,2,0,0
2010,Arizona Coyotes,2010Arizona Coyotes,Regular,4,9,81,50,25,7,107,36,0.652,30.5,2.57,2.39,14.6,84.5,30.5,50,207.0305556,204,195,2.46,2.35,51.1,2469,2386,29.8,28.8,50.9,3452,3383,41.7,40.9,50.5,4522,4341,54.6,52.4,51,8.26,91.83,100.1,34.1,32.8,33.1,9,4.08,8.16,3.9,7.8,25,23,0,0
2010,Philadelphia Flyers,2010Philadelphia Flyers,Regular,18,2,82,41,35,6,88,37,0.537,31.6,2.83,2.71,21.8,83,31.6,50.1,206.90625,230,221,2.78,2.67,51,2586,2346,31.2,28.3,52.4,3586,3269,43.3,39.5,52.3,4785,4520,57.8,54.6,51.4,8.89,90.58,99.5,32.8,32.6,34.6,9,5.609756098,6.571428571,5.390243902,6.314285714,12,4,0,0
2010,Colorado Avalanche,2010Colorado Avalanche,Regular,12,12,82,43,30,9,95,36,0.579,27.9,2.89,2.78,18.1,80.2,27.9,47.7,208.1361111,236,228,2.83,2.74,50.9,2287,2628,27.5,31.6,46.5,3052,3618,36.7,43.5,45.8,3993,4844,48,58.2,45.2,10.32,91.32,101.6,31.6,33.3,35.1,8,5.488372093,7.866666667,5.302325581,7.6,28,8,0,0
2010,Boston Bruins,2010Boston Bruins,Regular,14,5,82,39,30,13,91,29,0.555,31.7,2.39,2.33,16.6,86.4,31.7,52.6,209.56875,196,191,2.34,2.28,50.6,2594,2444,30.9,29.2,51.5,3525,3237,42.1,38.6,52.1,4677,4209,55.8,50.2,52.6,7.56,92.18,99.7,33.7,32.9,33.5,5,5.025641026,6.533333333,4.897435897,6.366666667,6,9,0,0
2010,New York Rangers,2010New York Rangers,Regular,21,21,82,38,33,11,87,35,0.53,29.6,2.67,2.61,18.3,84.3,29.6,49.2,207.3354167,217,214,2.62,2.58,50.3,2422,2448,29.2,29.5,49.7,3398,3441,41,41.5,49.7,4522,4616,54.5,55.7,49.5,8.96,91.26,100.2,33,33,33.9,3,5.710526316,6.575757576,5.631578947,6.484848485,10,7,0,0
2010,St. Louis Blues,2010St. Louis Blues,Regular,15,17,82,40,32,10,90,33,0.549,29.8,2.66,2.66,16.9,86.8,29.8,48.8,208.4145833,217,217,2.6,2.6,50,2444,2473,29.3,29.7,49.7,3433,3461,41.2,41.5,49.8,4530,4516,54.3,54.2,50.1,8.88,91.23,100.1,33.3,34.9,31.9,0,5.425,6.78125,5.425,6.78125,16,26,0,0
2010,Calgary Flames,2010Calgary Flames,Regular,15,17,82,40,32,10,90,37,0.549,28.7,2.45,2.48,16,82.3,28.7,48,207.4923611,201,203,2.42,2.45,49.8,2350,2370,28.3,28.6,49.8,3355,3335,40.4,40.2,50.1,4571,4397,55.1,53,51,8.55,91.43,100,33.8,32.3,33.9,-2,5.025,6.28125,5.075,6.34375,11,10,0,0
2010,Nashville Predators,2010Nashville Predators,Regular,10,14,82,47,29,6,100,39,0.61,30.6,2.65,2.7,16.4,77.1,30.6,49.2,207.9243056,217,221,2.61,2.66,49.5,2508,2395,30.2,28.8,51.2,3522,3258,42.3,39.2,51.9,4615,4264,55.5,51.3,52,8.65,90.77,99.4,32,34.8,33.3,-4,4.617021277,7.482758621,4.70212766,7.620689655,20,14,0,0
2010,Montréal Canadiens,2010Montréal Canadiens,Regular,18,3,82,39,33,10,88,32,0.537,28.6,2.56,2.66,21.8,83,28.6,49.7,208.8666667,210,216,2.51,2.59,49.3,2345,2630,28.1,31.5,47.1,3301,3655,39.5,43.7,47.5,4486,4997,53.7,59.8,47.3,8.96,91.79,100.7,31,34.6,34.4,-6,5.384615385,6.363636364,5.538461538,6.545454545,15,6,0,0
2010,Anaheim Ducks,2010Anaheim Ducks,Regular,17,17,82,39,32,11,89,34,0.543,30.1,2.84,2.96,21,79.3,30.1,48.1,207.9770833,233,242,2.8,2.91,49.1,2470,2735,29.7,32.9,47.5,3419,3823,41.1,46,47.2,4359,4763,52.4,57.3,47.8,9.43,91.15,100.6,32.7,33,34.3,-9,5.974358974,7.28125,6.205128205,7.5625,5,12,0,0
2010,Ottawa Senators,2010Ottawa Senators,Regular,13,15,82,44,32,6,94,39,0.573,29.7,2.68,2.84,16.9,84.3,29.7,49.3,207.7694444,219,231,2.64,2.78,48.7,2437,2337,29.3,28.1,51,3346,3218,40.3,38.7,51,4482,4411,53.9,53.1,50.4,8.99,90.12,99.1,34.7,31.5,33.8,-12,4.977272727,6.84375,5.25,7.21875,22,16,0,0
2010,Dallas Stars,2010Dallas Stars,Regular,18,18,82,37,31,14,88,30,0.537,30.8,2.8,2.98,18.6,77.4,30.8,48.1,206.4638889,226,241,2.74,2.92,48.4,2494,2538,30.2,30.7,49.6,3470,3588,42,43.4,49.2,4541,4728,55,57.2,49,9.06,90.5,99.6,34.5,31.9,33.6,-15,6.108108108,7.290322581,6.513513514,7.774193548,22,3,0,0
2010,Winnipeg Jets,2010Winnipeg Jets,Regular,23,23,82,35,34,13,83,31,0.506,29.4,2.8,3.05,16.1,82.2,29.4,50.8,207.8125,230,249,2.77,3,48,2408,2714,29,32.6,47,3249,3599,39.1,43.3,47.4,4347,4667,52.3,56.1,48.2,9.55,90.83,100.4,30.3,36.8,32.9,-19,6.571428571,6.764705882,7.114285714,7.323529412,27,28,0,0
2010,Carolina Hurricanes,2010Carolina Hurricanes,Regular,24,24,82,35,37,10,80,31,0.488,29.3,2.76,3.06,16.6,80.6,29.3,48.1,207.9256944,226,251,2.72,3.02,47.4,2398,2572,28.8,30.9,48.2,3409,3663,41,44,48.2,4624,4837,55.6,58.2,48.9,9.42,90.24,99.7,32.6,32.8,34.5,-25,6.457142857,6.108108108,7.171428571,6.783783784,4,17,0,0
2010,Minnesota Wild,2010Minnesota Wild,Regular,22,22,82,38,36,8,84,33,0.512,27.6,2.61,2.91,19.1,82.7,27.6,52.2,208.0527778,214,239,2.57,2.87,47.2,2265,2415,27.2,29,48.4,3192,3333,38.4,40,48.9,4204,4429,50.5,53.2,48.7,9.45,90.1,99.6,31.5,36,32.6,-25,5.631578947,5.944444444,6.289473684,6.638888889,19,13,0,0
2010,Florida Panthers,2010Florida Panthers,Regular,28,28,82,32,37,13,77,26,0.47,28.4,2.46,2.85,13.9,79.4,28.4,49.9,208.5881944,201,233,2.41,2.79,46.3,2329,2800,27.9,33.6,45.4,3226,3825,38.7,45.8,45.8,4250,5228,50.9,62.7,44.8,8.63,91.68,100.3,30.8,36.1,33,-32,6.28125,5.432432432,7.28125,6.297297297,17,22,0,0
2010,Columbus Blue Jackets,2010Columbus Blue Jackets,Regular,26,26,82,32,35,15,79,30,0.482,28.5,2.61,3.04,17.5,81.7,28.5,51,208.1652778,213,248,2.56,2.98,46.2,2335,2512,28,30.2,48.2,3090,3442,37.1,41.3,47.3,4050,4471,48.6,53.7,47.5,9.12,90.13,99.2,31.3,35.1,33.6,-35,6.65625,6.085714286,7.75,7.085714286,14,25,0,0
2010,Tampa Bay Lightning,2010Tampa Bay Lightning,Regular,24,24,81,34,36,12,80,30,0.488,28.9,2.6,3.09,19.3,80,28.9,51.5,205.7930556,208,249,2.53,3.02,45.5,2347,2536,28.5,30.8,48.1,3231,3469,39.3,42.1,48.2,4199,4564,51,55.4,47.9,8.86,90.18,99,30.8,33.5,35.7,-41,6.117647059,5.777777778,7.323529412,6.916666667,29,29,0,0
2010,New York Islanders,2010New York Islanders,Regular,26,26,82,34,37,11,79,26,0.482,30.4,2.61,3.15,16,76.3,30.4,48.2,206.3868056,211,253,2.56,3.06,45.5,2470,2588,29.9,31.3,48.8,3410,3591,41.3,43.5,48.7,4582,4960,55.5,60.1,48,8.54,90.22,98.8,32.5,35.8,31.7,-42,6.205882353,5.702702703,7.441176471,6.837837838,30,26,0,0
2010,Toronto Maple Leafs,2010Toronto Maple Leafs,Regular,29,29,82,30,38,14,74,26,0.451,32.6,2.56,3.21,13.7,74.7,32.6,50.8,208.4388889,210,262,2.52,3.14,44.5,2670,2440,32,29.3,52.3,3785,3479,45.4,41.7,52.1,5168,4697,62,56.3,52.4,7.87,89.26,97.1,34.9,29.7,35.4,-52,7,5.526315789,8.733333333,6.894736842,24,23,0,0
2010,Edmonton Oilers,2010Edmonton Oilers,Regular,30,30,81,27,47,8,62,19,0.378,28.3,2.51,3.39,16.9,78,28.3,46.4,205.7125,205,272,2.49,3.31,43,2286,2682,27.8,32.6,46,3166,3833,38.5,46.6,45.2,4185,5129,50.9,62.3,44.9,8.97,89.86,98.8,31.1,35.7,33.2,-67,7.592592593,4.361702128,10.07407407,5.787234043,21,19,0,0
2009,Boston Bruins,2009Boston Bruins,Regular,2,6,82,53,19,10,116,49,0.707,30.3,3.29,2.32,23.6,82.3,30.3,51,207.7604167,270,190,3.25,2.29,58.7,2481,2523,29.9,30.4,49.6,3397,3361,40.9,40.4,50.3,4458,4433,53.6,53.3,50.1,10.88,92.47,103.4,32.3,33.2,34.6,80,5.094339623,14.21052632,3.58490566,10,9,0,0,0
2009,San Jose Sharks,2009San Jose Sharks,Regular,1,13,82,53,18,11,117,47,0.713,33.2,3.06,2.43,24.2,83.3,33.2,53.8,208.2243056,251,198,3.01,2.38,55.9,2719,2226,32.6,26.7,55,3728,3042,44.8,36.5,55.1,4888,4010,58.7,48.1,54.9,9.23,91.11,100.3,35.5,29.9,34.6,53,4.735849057,13.94444444,3.735849057,11,5,0,0,0
2009,Chicago Blackhawks,2009Chicago Blackhawks,Regular,6,3,82,46,24,12,104,42,0.634,32.7,3.17,2.55,19.3,80.6,32.7,48.1,208.0736111,259,209,3.11,2.51,55.3,2679,2341,32.2,28.1,53.4,3542,3046,42.6,36.6,53.8,4531,3890,54.4,46.7,53.8,9.67,91.07,100.7,35.3,29.7,35,50,5.630434783,10.79166667,4.543478261,8.708333333,19,0,0,0
2009,Detroit Red Wings,2009Detroit Red Wings,Regular,3,2,81,51,21,10,112,45,0.683,36.2,3.52,2.93,25.5,78.3,36.2,55.1,205.3222222,285,235,3.47,2.86,54.8,2926,2240,35.6,27.3,56.6,3975,3023,48.4,36.8,56.8,5096,3752,62,45.7,57.6,9.74,89.51,99.2,35.6,30.6,33.8,50,5.588235294,13.57142857,4.607843137,11.19047619,1,0,0,0
2009,Vancouver Canucks,2009Vancouver Canucks,Regular,7,8,81,45,27,10,100,42,0.61,28.5,2.96,2.6,19,81.4,28.5,51.9,205.2805556,241,207,2.94,2.52,53.8,2294,2356,27.9,28.7,49.3,3229,3299,39.3,40.2,49.5,4269,4284,52,52.2,49.9,10.51,91.21,101.7,32.8,34.4,32.8,34,5.355555556,8.925925926,4.6,7.666666667,19,0,0,0
2009,New Jersey Devils,2009New Jersey Devils,Regular,5,9,82,51,27,4,106,45,0.646,32.9,2.9,2.52,18.9,79.9,32.9,51.3,207.9520833,237,205,2.85,2.46,53.6,2697,2412,32.4,29,52.8,3625,3201,43.6,38.5,53.1,4689,4171,56.4,50.1,52.9,8.79,91.5,100.3,34.2,32.8,33,32,4.647058824,8.777777778,4.019607843,7.592592593,15,0,0,0
2009,Washington Capitals,2009Washington Capitals,Regular,4,7,82,50,24,8,108,46,0.659,33.5,3.27,2.93,24.9,80.6,33.5,51.7,207.6888889,267,239,3.21,2.88,52.8,2743,2415,33,29.1,53.2,3800,3325,45.7,40,53.3,5138,4436,61.8,53.4,53.7,9.73,90.1,99.8,34.3,31.6,34.2,28,5.34,11.125,4.78,9.958333333,11,0,0,0
2009,Philadelphia Flyers,2009Philadelphia Flyers,Regular,8,12,82,44,27,11,99,40,0.604,29.8,3.17,2.83,22.5,83,29.8,48.3,208.425,257,231,3.08,2.77,52.7,2437,2663,29.2,31.9,47.8,3357,3702,40.3,44.4,47.6,4500,4945,54,59.3,47.6,10.55,91.33,101.9,29.9,35.7,34.3,26,5.840909091,9.518518519,5.25,8.555555556,4,0,0,0
2009,Pittsburgh Penguins,2009Pittsburgh Penguins,Regular,8,1,82,45,28,9,99,39,0.604,29,3.15,2.84,17.2,82.7,29,49.1,208.7055556,258,233,3.09,2.79,52.5,2379,2483,28.5,29.7,48.9,3301,3439,39.5,41.2,49,4373,4719,52.4,56.5,48.1,10.84,90.62,101.5,33.5,32.4,34.2,25,5.733333333,9.214285714,5.177777778,8.321428571,2,0,0,0
2009,Minnesota Wild,2009Minnesota Wild,Regular,19,19,82,40,33,9,89,35,0.543,27.5,2.61,2.4,20.1,87.6,27.5,48.5,207.6395833,214,197,2.58,2.37,52.1,2255,2517,27.2,30.3,47.3,3162,3466,38.1,41.7,47.7,4143,4499,49.9,54.2,47.9,9.49,92.17,101.7,30.4,37.1,32.5,17,5.35,6.484848485,4.925,5.96969697,13,0,0,0
2009,Carolina Hurricanes,2009Carolina Hurricanes,Regular,11,4,82,45,30,7,97,42,0.591,32.6,2.88,2.7,18.4,80.4,32.6,51.3,207.4861111,234,218,2.82,2.63,51.8,2670,2408,32.2,29,52.6,3752,3429,45.2,41.3,52.2,5021,4622,60.5,55.7,52.1,8.76,90.95,99.7,35.3,31.2,33.5,16,5.2,7.8,4.844444444,7.266666667,17,0,0,0
2009,Buffalo Sabres,2009Buffalo Sabres,Regular,17,17,82,41,32,9,91,33,0.555,30.5,2.95,2.79,20.7,81.8,30.5,47.4,208.1215278,241,228,2.89,2.74,51.4,2504,2570,30.1,30.9,49.3,3376,3520,40.6,42.3,49,4419,4602,53.1,55.3,49,9.62,91.13,100.8,32.5,33.1,34.4,13,5.87804878,7.53125,5.56097561,7.125,18,0,0,0
2009,Calgary Flames,2009Calgary Flames,Regular,10,11,81,46,30,6,98,43,0.598,32.2,3.06,3,17,83.4,32.2,51.3,204.1430556,248,241,3.04,2.95,50.7,2611,2401,32,29.4,52.1,3651,3327,44.7,40.7,52.3,4829,4105,59.1,50.3,54.1,9.5,89.96,99.5,36.2,30.2,33.7,7,5.391304348,8.266666667,5.239130435,8.033333333,10,0,0,0
2009,Florida Panthers,2009Florida Panthers,Regular,13,17,82,41,30,11,93,38,0.567,29.4,2.82,2.72,15.9,82.6,29.4,47.9,208.2076389,228,223,2.74,2.68,50.6,2408,2844,28.9,34.1,45.8,3317,3883,39.8,46.6,46.1,4394,4988,52.8,59.9,46.8,9.47,92.16,101.6,31.5,35.5,33,5,5.56097561,7.6,5.43902439,7.433333333,22,0,0,0
2009,Anaheim Ducks,2009Anaheim Ducks,Regular,17,5,82,42,33,7,91,35,0.555,30.3,2.9,2.87,23.3,79.7,30.3,49.8,207.7291667,238,235,2.86,2.83,50.3,2480,2497,29.8,30.1,49.8,3463,3475,41.7,41.8,49.9,4334,4276,52.2,51.5,50.3,9.6,90.59,100.2,32.5,31.7,35.7,3,5.666666667,7.212121212,5.595238095,7.121212121,12,0,0,0
2009,Montréal Canadiens,2009Montréal Canadiens,Regular,13,15,82,41,30,11,93,34,0.567,30,2.95,2.93,19,82.4,30,50.9,208.4409722,240,239,2.88,2.87,50.1,2453,2596,29.4,31.1,48.6,3387,3594,40.6,43.1,48.5,4650,4908,55.8,58.9,48.7,9.78,90.79,100.6,32.4,34.7,32.9,1,5.853658537,8,5.829268293,7.966666667,6,0,0,0
2009,St. Louis Blues,2009St. Louis Blues,Regular,15,16,82,41,31,10,92,35,0.561,27.7,2.77,2.77,20.5,83.8,27.7,49.1,208.1104167,227,227,2.73,2.73,50,2270,2342,27.3,28.1,49.2,3234,3349,38.8,40.2,49.1,4150,4477,49.9,53.8,48.1,10,90.31,100.3,31.1,33.7,35.2,0,5.536585366,7.322580645,5.536585366,7.322580645,26,0,0,0
2009,Columbus Blue Jackets,2009Columbus Blue Jackets,Regular,15,14,82,41,31,10,92,35,0.561,28.9,2.68,2.72,12.7,82.1,28.9,51.2,208.6729167,219,223,2.62,2.67,49.5,2369,2281,28.4,27.3,50.9,3227,3107,38.7,37.2,50.9,4229,4129,50.7,49.5,50.6,9.24,90.22,99.5,32.4,32.1,35.6,-4,5.341463415,7.064516129,5.43902439,7.193548387,25,0,0,0
2009,New York Rangers,2009New York Rangers,Regular,12,10,82,43,30,9,95,33,0.579,32.4,2.44,2.59,13.6,87.8,32.4,50.8,208.7097222,199,212,2.38,2.54,48.4,2657,2431,31.8,29.1,52.2,3706,3382,44.4,40.5,52.3,4892,4339,58.6,52,53,7.49,91.28,98.8,36.6,29.5,34,-13,4.627906977,6.633333333,4.930232558,7.066666667,7,0,0,0
2009,Edmonton Oilers,2009Edmonton Oilers,Regular,21,21,82,38,35,9,85,32,0.518,28.1,2.78,2.98,16.9,77.5,28.1,47.9,207.6416667,228,243,2.75,2.93,48.4,2301,2666,27.7,32.1,46.3,3213,3695,38.7,44.5,46.5,4270,4769,51.4,57.4,47.2,9.91,90.89,100.8,32.7,34.1,33.2,-15,6,6.514285714,6.394736842,6.942857143,19,0,0,0
2009,Ottawa Senators,2009Ottawa Senators,Regular,22,22,82,36,35,11,83,32,0.506,29.3,2.6,2.82,19.5,81.5,29.3,51.8,208.0618056,213,230,2.56,2.76,48.1,2406,2335,28.9,28.1,50.7,3259,3210,39.2,38.6,50.4,4324,4357,52,52.4,49.8,8.85,90.15,99,32.5,32.1,35.4,-17,5.916666667,6.085714286,6.388888889,6.571428571,16,0,0,0
2009,Nashville Predators,2009Nashville Predators,Regular,20,20,82,40,34,8,88,34,0.537,29,2.52,2.78,15.7,82.5,29,52.2,208.1138889,206,228,2.47,2.74,47.5,2372,2411,28.5,29,49.6,3286,3317,39.5,39.8,49.8,4271,4352,51.3,52.3,49.5,8.68,90.54,99.2,32,34.9,33.1,-22,5.15,6.058823529,5.7,6.705882353,14,0,0,0
2009,Winnipeg Jets,2009Winnipeg Jets,Regular,27,27,82,35,41,6,76,28,0.463,28.1,3.05,3.4,19.3,76,28.1,51.2,207.4881944,250,278,3.01,3.35,47.3,2306,2679,27.8,32.3,46.3,3155,3600,38,43.4,46.7,4121,4722,49.7,56.9,46.6,10.84,89.62,100.5,29.7,37.1,33.3,-28,7.142857143,6.097560976,7.942857143,6.780487805,28,0,0,0
2009,Los Angeles Kings,2009Los Angeles Kings,Regular,25,25,82,34,37,11,79,29,0.482,29.1,2.46,2.76,19.2,82.9,29.1,52,208.3277778,201,225,2.41,2.7,47.2,2382,2300,28.6,27.6,50.9,3494,3332,41.9,40,51.2,4587,4369,55,52.4,51.2,8.44,90.22,98.7,34.8,33,32.2,-24,5.911764706,5.432432432,6.617647059,6.081081081,29,0,0,0
2009,Dallas Stars,2009Dallas Stars,Regular,22,22,82,36,35,11,83,30,0.506,28.9,2.73,3.06,15.4,78.6,28.9,47.8,208.4541667,224,251,2.69,3.01,47.2,2369,2303,28.4,27.6,50.7,3381,3260,40.5,39.1,50.9,4331,4242,51.9,50.9,50.5,9.46,89.1,98.6,33.6,31.7,34.7,-27,6.222222222,6.4,6.972222222,7.171428571,3,0,0,0
2009,Toronto Maple Leafs,2009Toronto Maple Leafs,Regular,24,24,82,34,35,13,81,28,0.494,31.7,2.98,3.49,18.5,74.7,31.7,50.1,208.5555556,244,286,2.92,3.43,46,2601,2478,31.2,29.7,51.2,3685,3587,44.2,43,50.7,4918,4839,59,58,50.4,9.38,88.46,97.8,33.7,29.7,36.5,-42,7.176470588,6.971428571,8.411764706,8.171428571,23,0,0,0
2009,Arizona Coyotes,2009Arizona Coyotes,Regular,25,25,81,36,39,7,79,33,0.482,28.1,2.5,3.04,14.5,76.8,28.1,44.8,204.2263889,200,248,2.45,3.04,44.6,2269,2555,27.8,31.3,47,3148,3621,38.5,44.3,46.5,4157,4808,50.9,58.9,46.4,8.81,90.29,99.1,32.6,33.3,34.1,-48,5.555555556,5.128205128,6.888888889,6.358974359,23,0,0,0
2009,Tampa Bay Lightning,2009Tampa Bay Lightning,Regular,29,29,82,24,40,18,66,21,0.402,28.5,2.52,3.28,17.8,78,28.5,50.1,208.5229167,205,268,2.46,3.21,43.3,2329,2698,27.9,32.3,46.3,3181,3639,38.1,43.6,46.6,4125,4743,49.5,56.9,46.5,8.8,90.07,98.9,30.9,34.9,34.3,-63,8.541666667,5.125,11.16666667,6.7,29,0,0,0
2009,Colorado Avalanche,2009Colorado Avalanche,Regular,28,28,82,32,45,5,69,23,0.421,28.8,2.32,3.09,15.7,79.9,28.8,47.8,207.7791667,188,250,2.26,3.01,42.9,2356,2371,28.3,28.5,49.8,3184,3387,38.3,40.8,48.5,4180,4703,50.3,56.6,47.1,7.98,89.46,97.4,32.4,33.1,34.5,-62,5.875,4.177777778,7.8125,5.555555556,8,0,0,0
2009,New York Islanders,2009New York Islanders,Regular,30,30,82,26,47,9,61,23,0.372,28.9,2.41,3.34,16.6,79.8,28.9,45.7,207.1486111,198,273,2.39,3.29,42,2365,2746,28.5,33.1,46.3,3221,3818,38.9,46.1,45.8,4410,5208,53.2,62.9,45.9,8.37,90.06,98.4,31.4,36.5,32.1,-75,7.615384615,4.212765957,10.5,5.808510638,26,0,0,0
2008,Detroit Red Wings,2008Detroit Red Wings,Regular,1,1,82,54,21,7,115,49,0.701,34.4,3.07,2.18,20.7,84,34.4,53.3,207.3361111,249,178,3,2.15,58.3,2812,1928,33.9,23.2,59.3,3847,2651,46.4,32,59.2,4860,3360,58.6,40.5,59.1,8.85,90.77,99.6,36.3,25,38.7,71,4.611111111,11.85714286,3.296296296,8.476190476,0,0,0,0
2008,Montréal Canadiens,2008Montréal Canadiens,Regular,3,6,82,47,25,10,104,42,0.634,29.1,3.13,2.63,24.3,82.5,29.1,49,207.9520833,256,215,3.08,2.58,54.4,2377,2585,28.6,31.1,47.9,3299,3642,39.7,43.8,47.5,4442,4984,53.4,59.9,47.1,10.77,91.68,102.5,29.2,32.4,38.4,41,5.446808511,10.24,4.574468085,8.6,0,0,0,0
2008,Dallas Stars,2008Dallas Stars,Regular,8,3,82,45,30,7,97,40,0.591,26.7,2.89,2.49,18.4,85.6,26.7,50.4,207.1465278,237,204,2.86,2.46,53.7,2187,2131,26.4,25.7,50.6,3078,2995,37.1,36.1,50.7,4052,3788,48.9,45.7,51.7,10.84,90.43,101.3,30.7,28.9,40.4,33,5.266666667,7.9,4.533333333,6.8,0,0,0,0
2008,San Jose Sharks,2008San Jose Sharks,Regular,2,5,82,49,23,10,108,43,0.659,29.6,2.63,2.28,18.7,85.8,29.6,51.2,208.10625,214,187,2.57,2.25,53.4,2418,1978,29,23.8,55,3346,2764,40.2,33.2,54.8,4302,3756,51.7,45.1,53.4,8.85,90.55,99.4,32.8,26.9,40.4,27,4.367346939,9.304347826,3.816326531,8.130434783,0,0,0,0
2008,Pittsburgh Penguins,2008Pittsburgh Penguins,Regular,4,2,82,47,27,8,102,40,0.622,27.7,2.93,2.59,20.4,81,27.7,46.1,207.65625,240,212,2.89,2.55,53.1,2266,2523,27.3,30.4,47.3,3162,3552,38.1,42.8,47.1,4060,4681,48.9,56.4,46.4,10.59,91.6,102.2,29.7,32.1,38.2,28,5.106382979,8.888888889,4.510638298,7.851851852,0,0,0,0
2008,New York Rangers,2008New York Rangers,Regular,8,7,82,42,27,13,97,34,0.591,31.5,2.5,2.32,16.5,84.5,31.5,52.3,208.8777778,205,188,2.45,2.25,52.2,2579,2119,30.9,25.4,54.9,3575,2923,42.8,35,55,4595,3935,55,47.1,53.9,7.95,91.13,99.1,34.6,25.4,40,17,4.880952381,7.592592593,4.476190476,6.962962963,0,0,0,0
2008,Buffalo Sabres,2008Buffalo Sabres,Regular,18,18,82,39,31,12,90,35,0.549,30.2,3.06,2.84,18,83.2,30.2,48.6,208.7486111,251,233,3.01,2.79,51.9,2476,2323,29.7,27.8,51.6,3336,3218,40,38.5,50.9,4290,4252,51.4,50.9,50.2,10.14,89.97,100.1,31.6,29.6,38.8,18,6.435897436,8.096774194,5.974358974,7.516129032,0,0,0,0
2008,Philadelphia Flyers,2008Philadelphia Flyers,Regular,10,4,82,42,29,11,95,39,0.579,28.8,2.99,2.77,22.1,83.2,28.8,49.3,207.5715278,243,227,2.93,2.73,51.7,2353,2605,28.3,31.4,47.5,3230,3522,38.9,42.4,47.8,4261,4694,51.3,56.5,47.6,10.33,91.29,101.6,28.1,33.4,38.5,16,5.785714286,8.379310345,5.404761905,7.827586207,0,0,0,0
2008,Anaheim Ducks,2008Anaheim Ducks,Regular,4,12,82,47,27,8,102,39,0.622,27.3,2.4,2.24,16.6,83.1,27.3,50.2,208.4201389,196,184,2.35,2.21,51.6,2237,2293,26.8,27.5,49.4,3137,3105,37.6,37.2,50.3,3930,3825,47.1,45.9,50.7,8.76,91.98,100.7,31.2,29.5,39.2,12,4.170212766,7.259259259,3.914893617,6.814814815,0,0,0,0
2008,Ottawa Senators,2008Ottawa Senators,Regular,12,16,82,43,31,8,94,40,0.573,30.1,3.15,2.95,18.3,81,30.1,51.7,207.225,257,242,3.1,2.92,51.5,2465,2451,29.7,29.6,50.1,3399,3326,41,40.1,50.5,4555,4336,55,52.3,51.2,10.43,90.13,100.6,30.8,28.5,40.7,15,5.976744186,8.290322581,5.627906977,7.806451613,0,0,0,0
2008,Minnesota Wild,2008Minnesota Wild,Regular,7,13,82,44,28,10,98,41,0.598,27,2.68,2.56,18.9,85.2,27,47.3,205.475,217,207,2.64,2.52,51.2,2186,2418,26.6,29.4,47.5,3098,3289,37.7,40,48.5,4069,4184,49.5,50.9,49.3,9.93,91.44,101.4,28.2,34.4,37.3,10,4.931818182,7.75,4.704545455,7.392857143,0,0,0,0
2008,Colorado Avalanche,2008Colorado Avalanche,Regular,10,8,82,44,31,7,95,37,0.579,28.6,2.73,2.63,14.3,81.4,28.6,47.8,207.7520833,224,215,2.7,2.59,51,2347,2236,28.2,26.9,51.2,3070,3129,36.9,37.7,49.5,3935,4210,47.4,50.7,48.3,9.54,90.38,99.9,31.5,29.8,38.7,9,5.090909091,7.225806452,4.886363636,6.935483871,0,0,0,0
2008,Washington Capitals,2008Washington Capitals,Regular,12,11,82,43,31,8,94,39,0.573,31,2.9,2.77,18.8,80.5,31,51.2,205.2625,234,225,2.85,2.74,51,2499,2236,30.4,27.2,52.8,3495,3043,42.6,37.1,53.5,4661,4032,56.8,49.1,53.6,9.36,89.94,99.3,32.2,29.6,38.2,9,5.441860465,7.548387097,5.23255814,7.258064516,0,0,0,0
2008,Nashville Predators,2008Nashville Predators,Regular,17,14,82,41,32,9,91,38,0.555,29.6,2.77,2.73,14.8,85.4,29.6,50.5,207.5027778,227,221,2.73,2.66,50.7,2423,2433,29.2,29.3,49.9,3308,3224,39.9,38.8,50.6,4253,4097,51.2,49.4,50.9,9.37,90.92,100.3,30.1,31.3,38.6,6,5.536585366,7.09375,5.390243902,6.90625,0,0,0,0
2008,New Jersey Devils,2008New Jersey Devils,Regular,6,15,82,46,29,7,99,38,0.604,28.8,2.41,2.35,15.6,82.8,28.8,50.4,208.2097222,197,192,2.37,2.31,50.6,2358,2248,28.3,27,51.2,3265,3029,39.2,36.4,51.9,4265,3856,51.2,46.3,52.5,8.35,91.46,99.8,31.9,28,40.1,5,4.282608696,6.793103448,4.173913043,6.620689655,0,0,0,0
2008,Carolina Hurricanes,2008Carolina Hurricanes,Regular,16,17,82,43,33,6,92,41,0.561,32.5,3.05,3,18.3,78.9,32.5,49.4,204.2944444,246,240,3.01,2.94,50.6,2644,2322,32.4,28.4,53.2,3627,3263,44.4,39.9,52.6,4831,4303,59.1,52.7,52.9,9.3,89.66,99,32.5,29.1,38.4,6,5.720930233,7.454545455,5.581395349,7.272727273,0,0,0,0
2008,Chicago Blackhawks,2008Chicago Blackhawks,Regular,19,19,82,40,34,8,88,35,0.537,28,2.85,2.82,15.6,82.1,28,52.3,207.5152778,234,231,2.82,2.78,50.3,2296,2345,27.7,28.3,49.5,2950,3003,35.5,36.2,49.6,3764,3894,45.3,46.9,49.2,10.19,90.15,100.3,30.9,29.7,39.4,3,5.85,6.882352941,5.775,6.794117647,0,0,0,0
2008,Calgary Flames,2008Calgary Flames,Regular,12,10,82,42,30,10,94,39,0.573,28.2,2.76,2.73,16.8,81.5,28.2,49.5,207.2097222,226,224,2.73,2.7,50.2,2316,2332,27.9,28.1,49.8,3259,3159,39.3,38.1,50.8,4243,3921,51.2,47.3,52,9.76,90.39,100.2,31.2,30.1,38.7,2,5.380952381,7.533333333,5.333333333,7.466666667,0,0,0,0
2008,Vancouver Canucks,2008Vancouver Canucks,Regular,19,19,82,39,33,10,88,33,0.537,27.5,2.52,2.51,17.1,82.6,27.5,48.7,208.3020833,207,206,2.48,2.47,50.1,2248,2362,27,28.3,48.8,3133,3309,37.6,39.7,48.6,4029,4296,48.4,51.6,48.4,9.21,91.28,100.5,30.1,32.3,37.6,1,5.307692308,6.272727273,5.282051282,6.242424242,0,0,0,0
2008,Boston Bruins,2008Boston Bruins,Regular,12,9,82,41,29,12,94,35,0.573,28.5,2.51,2.62,17.2,78.6,28.5,49.1,208.2833333,206,213,2.47,2.56,49.2,2334,2493,28,29.9,48.4,3222,3340,38.7,40.1,49.1,4180,4216,50.2,50.6,49.8,8.83,91.46,100.3,30.1,32.7,37.1,-7,5.024390244,7.103448276,5.195121951,7.344827586,0,0,0,0
2008,Florida Panthers,2008Florida Panthers,Regular,22,22,82,38,35,9,85,33,0.518,31.1,2.57,2.68,18.8,82.3,31.1,48.8,207.7881944,209,219,2.51,2.63,48.8,2544,2750,30.6,33.1,48.1,3425,3707,41.2,44.6,48,4409,4687,53,56.4,48.5,8.22,92.04,100.3,31.6,33.7,34.7,-10,5.5,5.971428571,5.763157895,6.257142857,0,0,0,0
2008,Arizona Coyotes,2008Arizona Coyotes,Regular,23,23,82,38,37,7,83,33,0.506,30.5,2.55,2.74,18.6,80.7,30.5,48.6,205.60625,206,222,2.5,2.7,48.1,2449,2488,29.8,30.3,49.6,3325,3474,40.4,42.2,48.9,4311,4488,52.4,54.6,49,8.41,91.08,99.5,30.6,31.7,37.7,-16,5.421052632,5.567567568,5.842105263,6,0,0,0,0
2008,Columbus Blue Jackets,2008Columbus Blue Jackets,Regular,25,25,82,34,36,12,80,31,0.488,29,2.32,2.56,14.6,83.3,29,52.3,207.6805556,190,208,2.29,2.5,47.7,2378,2245,28.6,27,51.4,3185,2960,38.3,35.6,51.8,4170,3846,50.2,46.3,52,7.99,90.73,98.7,30.2,32,37.9,-18,5.588235294,5.277777778,6.117647059,5.777777778,0,0,0,0
2008,Edmonton Oilers,2008Edmonton Oilers,Regular,19,19,82,41,35,6,88,26,0.537,26.3,2.68,3.01,16.6,84.7,26.3,50.5,209.7145833,220,246,2.62,2.93,47.2,2155,2570,25.7,30.6,45.6,3030,3590,36.1,42.8,45.8,4003,4733,47.7,56.4,45.8,10.21,90.43,100.6,28.9,33.1,38,-26,5.365853659,6.285714286,6,7.028571429,0,0,0,0
2008,Toronto Maple Leafs,2008Toronto Maple Leafs,Regular,23,23,82,36,35,11,83,33,0.506,31,2.78,3.12,17.8,78.1,31,49.8,207.6625,228,256,2.74,3.08,47.1,2536,2399,30.5,28.9,51.4,3547,3388,42.7,40.8,51.1,4657,4451,56.1,53.6,51.1,8.99,89.33,98.3,31.5,29.6,38.9,-28,6.333333333,6.514285714,7.111111111,7.314285714,0,0,0,0
2008,St. Louis Blues,2008St. Louis Blues,Regular,26,26,82,33,36,13,79,30,0.482,26.1,2.46,2.83,14.4,84.4,26.1,51.8,207.4159722,201,231,2.42,2.78,46.5,2139,2246,25.8,27.1,48.8,2959,3241,35.7,39.1,47.7,3759,4281,45.3,51.6,46.8,9.4,89.72,99.1,28.2,32,39.8,-30,6.090909091,5.583333333,7,6.416666667,0,0,0,0
2008,Los Angeles Kings,2008Los Angeles Kings,Regular,29,29,82,32,43,7,71,27,0.433,28.6,2.76,3.21,17.4,78,28.6,47.8,207.2486111,226,263,2.73,3.17,46.2,2345,2623,28.3,31.6,47.2,3289,3704,39.7,44.7,47,4287,4747,51.7,57.3,47.5,9.64,89.97,99.6,31.7,30.6,37.6,-37,7.0625,5.255813953,8.21875,6.11627907,0,0,0,0
2008,Tampa Bay Lightning,2008Tampa Bay Lightning,Regular,29,29,82,31,42,9,71,29,0.433,28.7,2.7,3.24,19.3,82,28.7,49.7,206.6131944,219,264,2.65,3.19,45.3,2345,2308,28.4,27.9,50.4,3218,3195,38.9,38.7,50.2,4217,4267,51,51.6,49.7,9.34,88.56,97.9,31.3,30.1,38.6,-45,7.064516129,5.214285714,8.516129032,6.285714286,0,0,0,0
2008,New York Islanders,2008New York Islanders,Regular,26,26,82,35,38,9,79,30,0.482,29.7,2.3,2.93,14.5,81.9,29.7,51.1,207.6840278,188,239,2.26,2.88,44,2432,2485,29.3,29.9,49.5,3269,3450,39.4,41.5,48.7,4425,4582,53.3,55.2,49.1,7.73,90.38,98.1,28.5,33.2,38.3,-51,5.371428571,4.947368421,6.828571429,6.289473684,0,0,0,0
2008,Winnipeg Jets,2008Winnipeg Jets,Regular,28,28,82,34,40,8,76,25,0.463,25.8,2.52,3.24,16.1,78.8,25.8,51.8,208.8041667,205,266,2.45,3.18,43.5,2113,2782,25.3,33.3,43.2,2799,3687,33.5,44.1,43.2,3650,4763,43.7,57,43.4,9.7,90.44,100.1,26.7,36.4,37,-61,6.029411765,5.125,7.823529412,6.65,0,0,0,0
